0-------------------------------------------------------------0.i2p,222222222ayyzo42xm4kgpjnvsoehqupfnvox2bszsnzzi3bimpq
0-0-0-0-0-0-0-0-0-0-0-0-0-0-0-0-0-0-0-0-0-0-0-0-0-0-0-0-0-0-0-0.i2p,222222222ayyzo42xm4kgpjnvsoehqupfnvox2bszsnzzi3bimpq
0ctochan.i2p,k5ykjs4vczzsmiokqps4lvfi2voafjjv6lhqfbqeo5ndvl4fbxta
0ld-webserver.i2p,3axv644oyqz3aktb5poacyk2h4gg64bqs6o3ikv3yz6w3oiqrukq
0thers.i2p,abpunvwucuzrpd4bfywqceofabepxbvrwgrbjsqqfw6w3ar6amda
102chan-memorial.i2p,t6uwxydnfd7mo2knxklmnrudxafe4mw5ojiqikj7xfrc4ynltz3q
10channel.i2p,tenchan7kwiotdztpc22mjshowdhk6i6vqo7bz3boi2zimpemnvq
1337z.i2p,rprdnp2wqvloejdqguyxblrinhsov3p3o7ovfduk2lve3wbww7ca
1link.i2p,kzvcuucxw36azkw3v67e7n7idmgyfdulbeh3olg3igmqpadm3zbq
333.i2p,ctvfe2fimcsdfxmzmd42brnbf7ceenwrbroyjx3wzah5eudjyyza
3chelectricboogaloo.i2p,y5hr627jx2kzyaxlg3i5ohbmlj37eduamz67qd23kkg3dy4hg5ea
3chv2.i2p,y5hr627jx2kzyaxlg3i5ohbmlj37eduamz67qd23kkg3dy4hg5ea
4.ngn.i2p,4getnl6bc4c3ilrwza37mi2ljh22o7ljpmrr5i6e3qcfg2vtcz2a
4get.maid.i2p,maidzon4qyfc6eojt5rs64kph2liqnpxb6zdlmt55mxksa7drbyq
9ch.i2p,ninechjiwpw5cs4t25sa4pvtacgwhrsptgmopidfulbt5nnxxryq
aaaxmr.i2p,r6gwdkboyexsx67ossbcztw6mbzii7rbrqgpr57exev5axj4zwjq
accela.i2p,qa2jqzejamgvz3hnbea3q26iubizb4hjarzsdmrsp7tn7vhjhfrq
acetone.i2p,tzwfy3dnqtm4wuofmcp3gcb5qjcytri635ei7kw7yrl6n3ul5n2a
adhrb.i2p,zrjxklmdahel67zjzvi6ejum6xbddkgccrhgtufexe2mrjsze5ya
adnrew.i2p,cgghoqvifu77guz2m4queszaunalsphojkwrwszgxntnh7tdat7a
agentoocat.i2p,voanmdeayaccgaxumtehvxxiv4sdscsixoxsqmhh7nfwhusrvfaa
agoradesk.i2p,ztqnvu7c35jyoqmfjyymqggjpyky6z3tlgewk2qgbgcmcyl4ecta
algorithm.i2p,algout6clo74ywqtjyemehnf4bzhegpju5yvi6zdcfszso7iirka
algothink.i2p,4lgo7hkkasxnr3gp6o4ehkjv43bpujdmgr73cqpubjmazjepbgeq
alice-chat.i2p,plm7pxfegxquwdsjnyq4aivzyh2zcswsdeg2na2jazar5bccyseq
allium.i2p,3g2s7yle5lg3g7znn36qnqmmpxcyf5hcbsssao3thsd72a6zue2a
alqst.i2p,pgczxat4iv5eacxvcwkzizqxg777irmo4hvwgmoqsyhq7xwgjaoq
amazon.i2p,44ge66mufpiujnv5he3kbptkyyczjgqxp6sbugirhdw2pwpdzdzq
amogus.i2p,udcjqqoo7mc54ephxnhzaxdwtqxsgxjzvh4wr4boope6vyr4mrhq
anarchy.i2p,355jdcopct34lpun3o6cfiymcmsoto3wic4ueu63wxwqlm2bpioa
angelwood.i2p,jfmztyrgke2qyaviai46hu6hdx3td4ws6ctyxvs2jwqkklnjej6q
animal.i2p,5iedafy32swqq4t2wcmjb4fvg3onscng7ct7wb237jkvrclaftla
anonymousoverflow.catsarch.i2p,ocp7zhdsbl2mjabv5ma5jvbzg2dqzglieayjvyj4j2r7qvsqlboa
ansq.i2p,5466tyj235g5vfavpwfvdfewo746brgce7vl5czbwyoom5in4gqa
ao.maid.i2p,maidzon32y6ip2ghbb3tno4whegfo6smawmuqo6tf5laskddmxvq
ao.ngn.i2p,aongnnrfx3h6k5qtsm5j3h76c6f35noo4jryrav2d4nm7xqcdjxa
apathy.i2p,apathynmephepgsjnnjha67wondupq5iltites26eenqe7xrrm2q
apt.idk.i2p,s7qemnncvmy5zs3khd6qzlcnsvtu6drnkeae4r3yyc7akuzuqiia
aqua.i2p,xqwrqfuoae43grkmzs63sw5upathbjerid3ch4bhskle3bibeqba
arav.i2p,t42fkp6zp5dfqywantq3zp427ig3q2onrmfv246tyaztpg4ckb5a
archiv.tutorials.i2p,lldr2miowq6353fxy44pnxfk37d6yn2f6kaivzecbmvvnnf5exyq
ardullm.i2p,j7wo5f6mysrytrafy66xv42xuv2oqxn6r2qns5pcnh6w46ixxoma
arkwright.i2p,ebovdlxw47kodamth7p33nenfxy5kqsyu7usp2c3ni3dyfrbbvpa
arleen.i2p,jmlrrzxlzsrhu46swoibsfqc4wrlfrd6dopuwbrluxshu3lmtxha
arstechnica.i2p,rrlara3vp6vpkzbxy6xpdl2pbisig2xfcenctgxka4s6qsioyvpa
artixmirror.i2p,zjhzlv5f3lsrockbgsrwhblvxclmerdp7u574m3moehxy6c45x7a
ase64-image.i2p,keppeaoopqg5dyjwwtidwgqbt2vxgb5nwvd5yrusptt5y25pib3q
asjay.i2p,fipk4gsd46duuowsvos6g5clsjyshbv3zmaf5e3bil6mmzv7hzgq
asshole.i2p,jwdsicbkg3ulbtv6wfhrrgocx6m4pyjatvmmu2bfmyechvm6pxvq
astra.i2p,astrasneqjok44eyzvctdyv44lldrp2wbb6zh4owllejgrnemmvq
atia.i2p,atia42hvtnklmilskllirvl5e27letgqghyuvrlvtaktyg32kqwq
audiocinemateca.i2p,huffwds7ecz2atf2kzljvykkazoper444ehrp5nfkgdxgzkrp2oq
avs.i2p,ucqe3khg7nt5warrvx4vnx2qi3z77ghjz3ca36x43npbmqefaftq
awuuwa.i2p,7mwx2ek36sbvac25cgvw6yjm2lsffr7cloibkcmmkeaq2upibnmq
azathabar.i2p,v35rwae5zb6fcgd7phzkireghtuen43umi7l5yvahm7ezkqg5uwq
bandura-yacy.i2p,e4t4yer7o6dbttk4xmpsfd56vhuse5upksgjqejnrvrdz35ia2qq
bandura.i2p,n6eqyu6glmtgt544ys43ggrozhpiw7biyrelrvmkmg7llfcjwm4a
base64-image.i2p,keppeaoopqg5dyjwwtidwgqbt2vxgb5nwvd5yrusptt5y25pib3q
based.i2p,basedifylzugieid7qvwon3gc52qhtrdcl7swsrnj3yeuj6lelca
basedcooking.i2p,pjcpgo3vp76qsknvioaquffotobe6725u2u4ovxfdlud6ndi3y4q
bastyon.i2p,7z25zvvoegjyl6ng4b2idrbutgog6wb6vrqleiqguehy7t6yfmda
bazilio.i2p,q5qx4aca2wz4kyownbujbvvjcturhjssj4jzcbuuf7aqommpcc7a
bbergeron.i2p,yl77amybakmmazovelx7ykzehzyq5d2ncurqc6c4wmofm73o3cbq
bellingcat.i2p,nk6hd2mzzoieui22xzcdiz7i2irp7gel3qscwanuqzstkdxqxp3a
benarnews.i2p,2wtpazvjwxdlz2i2swccsgj4v5hvcq22h6ohrhduypxk2r6widdq
bentasker.i2p,gdncgijky3xvocpkq6xqk5uda4vsnvzuk7ke7jrvxnvyjwkq35iq
benthamsgaze.i2p,vemrh76ebiisqqhk3wmngehca4djnznnv5bd2a64qjs7pum6tu7q
betacraft.i2p,efnkhmiba3xzauulywhf6tvacqjzdsz5gzejqb7hlbq4j7dz34pa
bibi.i2p,4iye5h6b7ktajp34jhhfrx77g2kr42w6e72u2ixy5acwwbpgclfq
bibis.i2p,m522y22o5yyvc4z7tpbl7levr2ofsgbed66eueco4ajtkmospvpq
bible4u.i2p,xs6lr2g5jiaajtb3nkno2zmy34eipitrggooxb7wtey7uko7bqmq
bibliogram.qwik.i2p,gyet2jwstmlop7j6ufcmc7tbjuu5ic24ornqrgg5uug7yqjz7tiq
biehdc.i2p,jjnjkr4ccbkvqs6mjr2ybxljhw32mdrc2bgtwm3wfafyfoov4ira
bitchan.i2p,waycuw2c27ruakfblkf5tcegwmt3ot445dlfoypil6bzmm4yxg7a
bitcoin-node-x4e.i2p,x4ezpmbnosussvl75eiri3nnftpnhqtdlwce2sdxupcjoheukxna
bitcoin-node-xgt.i2p,xgtoqf5mtdw4432bq5djvmx6hv6e7nlsviwm63zxgmdiaejz5mwq
bitcoin.i2p,irj7eualgcwi4dufzxyetyhkzcf747c46lhuiup22cq6p7ggtcxa
blackexchange.i2p,ztgr5kghkyn43fhhkuycroxgfti6cojo3vg4wdd3usqonyvrla5q
bloat.clubcyberia.i2p,amo5qe6tkxjjrl5omnegyl7vyip7bx3xc7y5k4hgmqrmop6ifsla
bloat.ryona.i2p,q256toxhs7m3ntmu4sq5l7levm6vr67f3rmqytiqpprgflhn42qa
blog.mittwerk.i2p,bloghqdcgvouhydfpdmj3nziu4vdbqblmhped2mqjrflx5gfkvlq
blog.qwik.i2p,4zmuywwjpnmighhtu2tz33iitsbotfzhqbtbdmrkc5uxujcrj5qa
blog.solin.i2p,ejzpzupf4mns65aoricgjpb4et4witewfj3h2titx4zco6io3o3q
blog.torproject.i2p,woelslt2oh4dn5wlxfmpjggyyu6l7ntgk3rngrooldn57x4kduma
bocchi.i2p,d7yrb47iec5lyeki6gw7zrucefvdzbm544wf3mkcgtel6bm7j77a
boerse.i2p,7633w56hd53sesr6b532r5qlbdnvyl5bnvama6ign6xryaxol4rq
bofh.i2p,auvuinzogu6gc4pwsgbjijuszxgcjygciu2wy53pfz7mo5nfpc5a
breezewiki.catsarch.i2p,vo5og6a5cvmhyio2qdcls7awwhuhqfqutxgamam5ojkdvdaxetmq
bridges.torproject.i2p,2tiwhibsjvys63t43xncar6y52dy3dpct6edglenhzlalmyirb2a
bt.i2p,hs47vlulptpmlxyfmm27y4tsu5seqhto3fnesyyccl7qrvputsgq
bt.maid.i2p,maidzono4ld533dc2ga4ojfee6a7zqfechiicivdp7fijoy2euua
btc-node-x4e.i2p,x4ezpmbnosussvl75eiri3nnftpnhqtdlwce2sdxupcjoheukxna
btc-node-xgt.i2p,xgtoqf5mtdw4432bq5djvmx6hv6e7nlsviwm63zxgmdiaejz5mwq
buhao.i2p,z7z5mv3tooeipw7ose4lrq2b3uyrlzjf5xit7ig7kvpalf6byfoa
bullenweg.i2p,bullen7ukomkh3hw4vr2rj5onao2ombpquba4rf4fw2xql46au5q
bw.vern.i2p,vern3g7d7ykel6suo6fxiqk5ijzof7rz7k5xqcdjhm66vz65ijva
bytepay.i2p,7amc4ztwkzu3cgsaaaw3223ohuihn5hlsqc6gpf2rxdyptdkyugq
cantonese.i2p,3r3d43jejiezwb6daqgtk23ccs4jm3bvkhxwwwnpymvjn2aymriq
captcha.i2p,zujartlizloz3lh2q44m3aygsnpjcircfwlqz2eaz65xpkbbltyq
cardiophile-haven.i2p,25zftgdyvseedvozng7fa2byrf7wcpngw5uhsy24sb72n47ezamq
casjay.i2p,fipk4gsd46duuowsvos6g5clsjyshbv3zmaf5e3bil6mmzv7hzgq
cat.i2p,ufmksvvitdrpofpcalhiloctyffx4q5ugf55n2tiynxjjhd265nq
catsarch.i2p,s6dagpvf5ccnpkyjigjykkrbxwo6xgajm2hvvyyeaymm27qd2tpq
catswithpowertools.i2p,hc25u2iivuu5v5e5ntsewgyk2hmzigceelkxwtqehbtqyrdikh5q
chat.i2p,chat2hjwgd6tqkmgutynuuvgljxnkdu3mccueq6nfepawrybmreq
cheapeth.i2p,x6pq4h33wu6txj6vvpgywrgew2y6cwzs5l63w726paqsvogeqdra
chii.i2p,chii4f4rwugtroicml72gej4ytkkwum3bh26d2feoed5kunht7aa
chinadigitaltimes.i2p,ds5h5gr25cjcdyct7avo3lwxqva6bcicodiiqnbrod5erfbnpbmq
christmas.i2p,zijapucetm36vxrmdstfjhrep4xeqjnudbxwx2aji2cq63wnw7da
ci.idk.i2p,antkos5hjxraxduyewoo4qwwr6vyceiggd562nctvmtpnfjsuqlq
cia.i2p,ciagov2rrg3rpx4umgtvcyeluezf6inzq5otppna6gfsk6hwgyaq
citrus.i2p,citrusogkieyk3hleilk5scb5a64jdzoogi5wjv35klrvmqsh5ma
ckkpss.i2p,ckkpsswi4k45ihka2hw4ooer3cikio35wgyhg44a2trju5gd5lea
clap.i2p,or2pfmel7kn5c6rumfwsdvikci2memis5lvsnz4lpwpxwf5gm3ga
client.mynymbox.i2p,7rxmkzdsrujmihvimvlzb6koipvtzzwnyzykvjes45v33eph246a
cloudflare.i2p,q5atw5f2o5eu3kiaih2fkpwbwdbe64ac4lwbpnmgfe4tqiiykzsa
clubcyberia.i2p,4jgbxdwkokxm6b2lzumpb5y7mtvkd35d3v3q7se42e5b2gormt2a
cn.vern.i2p,vernyaourawd4avjf7ye6g43pqovys5wqdr672kervjpev353klq
cnuuyy.i2p,3asah3624zolczqeucci4674ekpgtab3rsswxodhfcndcu6vfsda
cobalt.idk.i2p,m63cbwomq4e4q6df3n6idnuveqa4yastxnls6kacseuutrp5um4q
codonaft.i2p,codonftbnpdkjwyflssto3iklawhuthbe37l6swigegqkyyfmiqa
coldhell.i2p,z2kerfik5dzqd2kj74cuhhtptkrizsblc5nm6ke2gcnj5mnwgwja
community.i2p,64luakopnvffchxnibn3d2p7uqxixtyuallfqfgifkkcmfcrczxa
community.torproject.i2p,wmw22z5c24b35hlepzc2g6k3cpcg44rcg46qdwfo5heiplv7m4ca
contact.i2p,rn5hqxierph4eegft3hiiqkgn2zyyfgj2c6pq75bkahl3pu5shvq
contest.i2p,vwro6bbphoizykajyhgj4ujysxrq35mgv5nnssso6fjzg5zqxhoq
control.incognet.i2p,56dljcl23orwumn662jk566rnm7prwl5l54piowoa7xzjxntytka
convos.simp.i2p,pbwcz5jmvsb5oipcydmuhzajza2mqfmg6xjx4ib7ubth4qwsehva
cool-website.i2p,bpbzzhawchb5sr46ghe6ojefuffkdlqmbynbtscordkrmsjcnwda
cosmicflow.i2p,3ybufp27despd3l6xleeid6czdywxzq2k5jychilyuxroorhtl7q
creatorclashboxing.i2p,5cttm5tujx6cvjogndpn2wz6eqj7cplnatkv7iercgds7ukphjtq
criticalcommons.i2p,smxtmql7t2xi6n4bj6ncypqvknro5una4aa74ytfnwr3fi64sdwa
crowsnest.i2p,c6m7qxpsijit7rsqtygwshsnvg4dowqnhulu6c4cjiwkepqjeacq
cryptoschizoclub.i2p,jt2xqtjzp4a36s2ilp325bllc6lxxfyoj5vbnjclghv2zzz4uwtq
cs.i2p,kzaeunogz6s75ptgy6ifjzwwy75xdfenenswvrczd7mewxgrad5a
culturemagazine.i2p,sm5je6sks6x7zfkspyzjezxvz63gblueetio27s7sx3gtp43fvza
currentaffairs.i2p,qyx6aht7xjjuy7vhyexqzp4tpn2jbmuerkmsvl4wxaa7d72peh7a
d0esnm.i2p,odemqcccutucjuk5ngiwd4gbnieg33axil6h43fhlxopsigwmvrq
daily.i2p,daily365nvtnnou4xl2hq2x2clpmvnfkoahzzepv57irxuoexo2a
dankaminsky.i2p,j7enz3u6gpvb3yt5kmlq3h67d5duyvkcueiv2qygwgg3woxgrd3q
darknetbible.i2p,lcaocuhvocje2gociyyuiip5sxhbgmkvaicbm6g6axtflf5wc6pa
darkrealm.i2p,gbh4eerxdsph7etxsxznfhvmuiz54trlkenakqep343u4xcoekzq
dashninja.i2p,dzjzoefy7fx57h5xkdknikvfv3ckbxu2bx5wryn6taud343g2jma
dawn.i2p,grtd4tik24lefhxdb5zuvk3vhhiy7wboiac5dzlz5xq67p7rcibq
dcherukhin.i2p,qa4boq364ndjdgow4kadycr5vvch7hofzblcqangh3nobzvyew7a
ddosecrets.i2p,vyhw7t7fbj7nghx3oe4y5komczeb5egnhuvlslpkqupaymnhtlka
denshi.i2p,denshiky5uqsfq7ra2djupn4i2l7jep27pfedpzoxiaujsuql4za
dero.i2p,ueiazbtiihzk7wajp442w7mjbh2fxueqazmulwt5pup5hku2ivta
deroexplorer.i2p,phb3xvv75k4p3cc5z4e44bt3a4wrhgoxd2d7aqvsr2kffpugj6da
deurachavich.i2p,vid5decwryxwpieu3t7zmp5moafksxtloep4ww7mlycvmec2b22q
dev.i2p,develop2pbyxpi4an5bicyuzgshbldr6ivp4c2snqxgzhqryulgq
dfo-archive.i2p,k7n4yyqosne6w5zui7zm6jpty2rj77vyeo2qj5papieoi35t7nrq
digilol.i2p,un5a63xeqltbvrdm456fggcxqnwwbio5zzfjhjh3v5bxvaza5saq
digitalsr.i2p,ldavoapfhoqpxvihdsdjjo3phlt5ujkgkzigzbesab3g42rwvbpq
digitaltrends.i2p,qrmhrndeq7bhvyx3uieiu7t2wvkxenpmakjflxzfbywopdgacdfa
discuss.i2p,wrnowoalzz5mquzaygmcrm4feuqco5gsxyn42fizbqjaprtdx5gq
dist.torproject.i2p,pbhgoronppg7tq3dssnwmhzkbrscbvtmy3d5pmar5hyhnqwjj46q
diva.i2p,auoqibfnyujhcht4v3nzahpqztwlyomesfywltuls5bqqi3nd3ka
djtoster.i2p,2xafpzpdaou23r7gcfya2wduggproyq7l5srjwt5lgc3ai5gfqzq
dk29nnda00.i2p,qb36xqvl5qckifzuvodybrw6zvcbizobvsuexndjrnde2rekfjba
dkf.i2p,dkforest4gwaceahf4te3vs7ycddtbpf2lucocxdzhphezikdgnq
dlf.i2p,dkforest4gwaceahf4te3vs7ycddtbpf2lucocxdzhphezikdgnq
dns.acetone.i2p,dnsgzxkak4zlrrs5tfh42ob57iley4xrp7srrltn2j2yl2ynbiaq
docs.get-monero.i2p,eltgje4aus22v6kwfvfcpmmyw5yke5lchxyhijwvfthaqtevlvsa
dolboblog.i2p,buj66ezvugikrsz3onq3zrdgkjkwdow4gqddrhdv6jjvx4zoyuua
donate.torproject.i2p,crxdz4n5viyy46upbd4amlzxcinkea7hwj3mkiudrw3nkpnfv42q
drawtogether.i2p,jba4ew3iuqotl3rw5fgtqozbayclp2dacxsfhpcy3eusdt3dtgaa
drop.i2p,lmm3lzmyfct2vqhxjesxics6efs6rnv52jmztolorxoxhq3tlyla
duckduckgo.i2p,gqt2klvr6r2hpdfxzt4bn2awwehsnc7l5w22fj3enbauxkhnzcoq
dujemihanovic.i2p,dujemm4rrxkobp3bp2xi4k5fii4z75shv5djyf37r2ogaurlxn2q
dumb.ngn.i2p,dumbnib47uyioplfgytyy3ct47ymr2voqcon4jk2o6i2nuemjgka
dump.i2p,dumplinf6axdc6zeingl27du2jvdvdpfch34jagvqhtqezvjqzzq
e8.i2p,5spb6cl4ffallahbaj2yadag2zgyuciouhz2rdcnyjcf5phqcu4a
easygpg2.i2p,bwxry5alzx5ihgrd3glah4eotddblzhalvpheppnw4zcajzqoora
echo.idk.i2p,63sgpiu6f33arldcxkbjsn3jgf6asyx3onjmz6j6gsk7hgbiehkq
eddys-blog.i2p,b5nhtkkr4mneoo32qju677rfz5w67ptcdbjfxkhu7zewtqjvw7hq
edouard127.christmas.i2p,aktkbhrevrcfvqf4r6gvvnjlxdwvqhd7ylgvvilcif6t3umkzeaq
eff.i2p,6qnxfw66wgrxwr5ntxk6d467l5o56uiqd7twtcaue6cmhk5vuzrq
egirl.i2p,pocrafwshmzqledpumpdsicqiz4gzqugbsruazytk3qe5kofsomq
eientei.i2p,eienteiqt6mhy2gwali25oaqixulyhjmsnhiig6kdenlpj3rbbua
einthegrimangel.i2p,ougtq3oquy6almdk7lmvzh6z3qpd7cg2md3n42kjxpmriqngp3fq
elgoog.i2p,z6hrgkg2ajmuzlrddjlffrgctx7x7fkipm6c4hdzmohyn5wkr4ya
ellipticnews.i2p,3u5bu47gmurzjc5xxhoseozr5kfkwmyxf2apqthd4re5f73vorga
elvn.i2p,vwjtedtgyokakyxgfeoavg535bxe7ymdvfbdwsq4iqngljqtqi3a
endoftheroad.i2p,gt64fmjtldpb423g5lzrgcowezxkvorrhvhaesdewrnjw4547rka
enlightfragments.i2p,cqxl3iwrxy4eohpggkjtryw5psmusdc3hrea76skvkltdbhoiiyq
enter.i2p,enter3waonoiut34dgeeisqyzg5f4q54ent6k56wi4zqiwt42kqa
esperanto.i2p,2yryi2eb72hnxavjpfot7paiminbzgv5w6fv4sl5wez55ventdeq
evil.i2p,aqcwyyora7sjg724ljzqtankxdvb23y3fmtpwa3oq3a72l7syflq
example.i2p,ptspdp3oojbgzxc725xa3pckpjezoa4gq5ovc7uolwuke5y76trq
exil3.i2p,rolzcwdxqjpt7ar57k2ovwbyg73tqiflqwghjlctgyxr7va3vrxa
exiledom.i2p,rolzcwdxqjpt7ar57k2ovwbyg73tqiflqwghjlctgyxr7va3vrxa
exilez.i2p,rolzcwdxqjpt7ar57k2ovwbyg73tqiflqwghjlctgyxr7va3vrxa
exilio404.i2p,j5oymfmof5xrjv4d432kupp6spocnlljwk5jmp6tsy665bcu4hsa
exit.stormycloud.i2p,5d4s7pcvfdpftfk7npc7hllyujhufsdprtrf4o53i44rgsa2xbwa
explorer.gostcoin.i2p,ktoacmumifddtqdw6ewns3szxths2hq2fat2o7xnwq4y3auga3za
explorer.i2p,3ldp7dairf4npprppcykttwktgdukwyrj7jthr5s72hly55ecpba
f.i2p,agbnhyxekuzgmjr57o23w3zlefdyiboroeinlsn3ghzjhajxhpgq
faraday.i2p,la74psyeysqtcvtshghtjwxl3btpeaesjoqtqhqaqnpmzqwinewq
fattydove.i2p,qjbu3knpp56hugvm56zcdk3eitb3uffncpzp5tjyoafhttcim5ga
fc.vern.i2p,vernkas3nvhxvfzkyz4rvzul3c6gvrdtuo7lzvvoudcatmjqa5ea
fedi.vern.i2p,verncc3ifybf2wvag5sgjmpsdp4lcv3ppuvpnlihcgffuqytkaxa
ff.voice.i2p,flash27uwkjwiamcq5h4jaeqsdvunsalwephcdogknpn2snw7vhq
fftan.i2p,fhqlqepzszevd6gillkbvspyoqedzxrloaqsfh4apcr3zgdrhd7a
fido.r4sas.i2p,i522xmu63hfbaw2k54cthffcoqmeao6urjyq3jg4hddf6wf57p3q
files.arav.i2p,gajftpr47ze6ao7e3q2tb5xmcqneyaczu4edzvwwg2qzmnernpka
fishingdev.i2p,2roeupyqjgg7sundfuwlg4jk6v623f5z5ykbv4uhqj2bdfv5w7ya
fishsticks.i2p,btjbfuh2wav3c7bkjqylgatbkvqaireemvsvxwetkrifuvfa35da
flanchan.i2p,wcei7ficdcdkjgckxtprxpmrlnux273oesmv3vftjfoigtmgiuzq
flandre.i2p,wcei7ficdcdkjgckxtprxpmrlnux273oesmv3vftjfoigtmgiuzq
flibusta.i2p,zmw2cyw2vj7f6obx3msmdvdepdhnw2ctc4okza2zjxlukkdfckhq
flumental.i2p,nytikgg5rxiyug37icpror5wh5m6ppi7iw5yccvpvsdl5nduj2ua
fluttershy.i2p,av3zh24ttetcm6ue6yquph64efp7v5ice3dxbgdynjdemvbnx7uq
flyingdogisland.i2p,fdilandiblfhyi3xj7i6otse6zzjzhpmx5wz35oqft7qlioy722q
foreignpolicy.i2p,sr2ksohadwcduwf7bacu3qvm3hbnytdzerosly7bnxtuxumyg5ba
forum.lmarket.i2p,lgiftj4ly3atfu4giijhhug6zsybfuazyhw6qzpypro563lxn23a
forum.skynet.i2p,6mw3jzhte6oohnfue6kgiwkv23txwjeae6ckrsq3g6lfsqnuyzha
forum.varikvalefor.i2p,p4sge4djxppmcy5mno2b7ex7fljbepwct6zf3hkqjzbsg2pckv6a
foxdickchan.i2p,iqxr4hupmaqdd4wvkwwjjrq6ddocydqqqadtnk6ltdnalvrzanxq
foxdickfarms.i2p,xrggfnj3jl5ugeqc2lshpcy5u2cxsdzynkjlorxvuj74walze6oa
foxgirls.i2p,fh532y3ypedf6wpyzih4djn6mno6rozvkgybnavg3vrf7o464eyq
franciscogg.i2p,l2dcsbr3jifwljkeg7eqt47ktzrsgyzmhe7pjakgp4ho63zfwgda
freefallheavens.i2p,7etudb75nhe6vxslitptjlwrnbybdshvzxnweuiepsxbbkkxy5ka
freehaven.i2p,y4giqqrbcb4xit5gp4y6njypupfklfdr74lfi424seenf7usjvza
freifunkmobi.bandura.i2p,5shuxvx52e3qszylwn4w7qst4siap3latyap3ff7nfnpjgllkcea
frontlinedefenders.i2p,pshxfoeefj67oj4jwjh3cqiztmrgcpsbuttclnc6fiwvv42p6inq
fruworg.i2p,agbnhyxekuzgmjr57o23w3zlefdyiboroeinlsn3ghzjhajxhpgq
fs.ardullm.i2p,achaniseb6rz4sdqx2dg7y4lxlx4jt6zsxowoasx4edouaspf6wa
fsfans.i2p,fsfansa6cam2xdnbhekn6jirbijkgnve33pvf5vd6u5md6pqjjka
g.i2p,reex3hznk7ez6idkcubzgero34xoab2kjr26bjt4tz5ebcezlr3a
gabe.i2p,gdd4pmi6zwkneh54x4pycwcjen4lx7ia7ts5s3kegdqvcyrwdnxa
gabrielggr.i2p,gjmksfxnbryzmtow3ysiya23xkgxqo77pn3elxn4tfnwbeh66juq
galladite.i2p,gallap5oyvl3kum6pck2sxnmofojogkg2c4xpilpshpejfchtrvq
game.i2p,games5mshyjy6sz4xtci25kidfu343isjeybzrs3nbtxmwdom4ea
games.i2p,games5mshyjy6sz4xtci25kidfu343isjeybzrs3nbtxmwdom4ea
gaming.i2p,games5mshyjy6sz4xtci25kidfu343isjeybzrs3nbtxmwdom4ea
gatheryourparty.i2p,m2iaf2cilow7syodfl6o2e7y2mycrhlkv5zzhh3q5cw5c3n76kra
gc.vern.i2p,verny3lihmavvnyavtd2fodz7cjyvp7rckfbbfq2lgofeajlhvxq
gedanken.i2p,kw6isjbs66uf7576fbb3aniokxtrpqmbegf4tf3xskg2bmrjci7a
geekcode.i2p,hzmyzxa6jzag67zcqxhicydusdev77byf2qoyxjxhsrtkce4qiqa
gemini.sysrq.i2p,xcr3oeil2zienex6bjtlheprhvjxgaysc7nedr5dtnys6j4e3ska
gentoo.i2p,eahlte5ovyhdyevn4lans3k73hriristz4g2xjyly6rip24bbira
get-monero.i2p,mituupybd7l7kloh4tblgkapumlvny7ujyiluzodibcrhrcp2fha
getgle.i2p,getglebcjuuah2bl2fva36czg2zqlz4grfoirpbpjg5k4ci7jiwq
ghativega.i2p,ijiijmeuog4oj6ayzm2fbx4j6lf6ckgcstgesr3yfk4uiqzcupiq
ghost.i2p,reex3hznk7ez6idkcubzgero34xoab2kjr26bjt4tz5ebcezlr3a
ginnegappen.i2p,kbhfkzx5jeqhfgss4xixnf4cb3jpuo432l3hxc32feelcmnr3yja
git-imperium-mankind.i2p,kmklyawmpxwfolty7m3g55inm73iu4v4jr25kday2xxajts6wpxa
git.agentoocat.i2p,5ihrbnmcoewaax5kxsghnmxh6p6srufhmo5pqkybdwuz4yj7efja
git.arav.i2p,p5nkflgogwv4esy3ainup6mgurpugmdyufizhuufauznreyvprsa
git.community.i2p,giteabolfdejtdzblkooalqei6jr67imiugmhtsh6ocw4hlj5a4q
git.cosmicflow.i2p,hlkdr4g6ucqygxkcj36db5boao7bcfvhpoh6wbgqrvg7tcfwwcra
git.dujemihanovic.i2p,nqf4pmugilq6nki4h5xplowh44ctufgfdmhektcg3ft3d7v2kxma
git.i2p,giteayof3hpwkfnwnryy6l4qhq3cwdzqlr72jokzbkc6ol43mypa
git.i2pd.i2p,7p7piii66oika4bkrkxpkqf3tabx3n5e4lkaz3hreb5nrllefj3q
git.idk.i2p,7qeve4v2chmjdqlwpa3vl7aojf3nodbku7vepnjwrsxljzqipz6a
git.imperium-mankind.i2p,kmklyawmpxwfolty7m3g55inm73iu4v4jr25kday2xxajts6wpxa
git.j8810kkw.i2p,zcbvgkux2btix23nwbbkkc7yow6uohphzskapeobhki6rmutw2na
git.maid.i2p,maidzonptqcatrbzd7rbufwwczjj4qi436b7me2nkuachfpi4cmq
git.qwik.i2p,i4kemzfhct7rki53w5mqtrnb4ixgp66fefgy6752emogkbldtifa
git.simp.i2p,lvl4crksu4x4r3zn45hrq7lrqiob7odyay3lw3p7ri5spqqx5srq
git.skank.i2p,dxlfhlrqd23exqwmjr6vmq5b5tn5lo2irwydhjvbiciolwq4auga
git.spyware.i2p,zin764g7gchdgxub4bskkztbkjlgibs27cl6pfvbqvjqx3prjgjq
git.suffering.i2p,m2s3hgemxokvewiy5rmxwqxlrvp7mgbt3kqje5etwioanoaq5iia
git.tuvimen.i2p,gittuviwndnpyyqd4zh2f73smeq6vbv2d4n45yxmq5f4x5s6fepq
git.varikvalefor.i2p,6sqxtpnpqqnlqbdxu7dadmorrffnpe3evbz5zye4y5kvljkzkbra
git.vern.i2p,vernj47t2vz4qiobsrcaj6eqhaquqe5qsaejga2glol4b2snhcfa
gitea.skynet.i2p,2y6cyrd2wqbm7czvylzxlp43r67p4wj3jetvzpjt6jovjrgioirq
gitssh.idk.i2p,g6u4vqiuy6bdc3dbu6a7gmi3ip45sqwgtbgrr6uupqaaqfyztrka
gitunderground.i2p,hxsuye27g4cpu3qqowka235hvbrrsggdtvf5pje3bjl5qkijvzqq
gkd.i2p,gkdbbsew5yasf2y3eu55butn77t5defdyxsomlblpxwv4yjwomvq
glenda.i2p,355jdcopct34lpun3o6cfiymcmsoto3wic4ueu63wxwqlm2bpioa
glue.idk.i2p,ykbx7chmkivx3idmxd3lu2jc5w4wtlps4r3md57wszhk5w7jykyq
goatse-cx.i2p,s5opfm7yiehs7iuwolou24rap6z44qnwbei4tcdg36whfdvhy4sa
goatse.i2p,s5opfm7yiehs7iuwolou24rap6z44qnwbei4tcdg36whfdvhy4sa
god.i2p,rawwhbbzoyutxm5yyujys7mhbvn6yfawnpcwqhwp2pjnc5r2owba
gostcoin.i2p,4gzcllfxktrqzv3uys5k4vgkzbth4gqednwhfpt755yivm3davuq
grimore.i2p,tlobzzok3rpxdiqgeh3zcmcr5knbdgwvzxvljwvljnb55llcuaya
gts.varikvalefor.i2p,so437i55yz7th7ufbroxrpwa47ud22rqkjewfzlmm7d53gzrnlda
guessthesong.i2p,4qgtmb3qznlq2vlnnbxfobrorf45yfhas2zkf7vbjqqazni7xapa
h0p3.i2p,k5fppzxc3bwoz2mjc7q37jojbrxo6vtprac3dzrk4wapv7irr4iq
h13.i2p,tozb4vssixoccyqtgnpaatkg2ql52kkjwnsdo3dltezges2na4bq
h2.vern.i2p,vernbzrr62wtwvddjcpo5stg7mp6mvoi7y2hkdekvextwb66mj5q
habedieehre.i2p,ehre2peckhgn6pjmdutpseuy36vtpj5chgyyli5bltvflc7xtf2a
hackaday.i2p,va7obisrthvm7xbr444pzog6eptnog37bty3vnlcfctdovibox4q
hackernews.i2p,zbfg6fntvx2ptmp2uzw2pmyfipeh4wophzmtxzlv6qs5bvplv3wq
hagen.i2p,e2t6rqd2ysbvs53t5nnaf7drllkgk6kfriq3lfuz6mip6xfg644q
halfway-neko.i2p,4u5u476npvcatbtzsgd2pbzowsslrxozxejsldfazi5gnjdpiokq
hardenedbsd.i2p,6ebmdsir52bi3q4wfwug7ylouoq6gdafl3wyy6ccfmpffijhtoca
haveno-markets.i2p,okoeicsihmjkqcqaiqow3arcrzm5ascwhpxq34incxg6a5z4tjza
heimdal.i2p,ops4ozeirfir23sj6dtp5d3ccwxid6y7jus3yonz6xct352wirgq
helplinks.i2p,rg4xk2t2bbx2clyvlv7rpqk5rctg5xvgrn2invdwlssuewyrfajq
hentai-torrents.i2p,aoxvxulvlprgyir5g4upgyojvddewmggl3jbzqzwhluq32cdgusq
hiddenbooru.i2p,zma5du344hy2ip5xcu6xmt4c7dgibnlv5jm4c2fre5nxv44sln3q
hiddenchan.i2p,6y4tltjdgqwfdcz6tqwc7dxhhuradop2vejatisu64nwjzh5tuwa
hiddenwiki.i2p,2iz3nkopz6fxbzlcjq3ofligi7mwdseuj4ndzqljogyvsggh6dvq
himalaya.i2p,tjb4673eiquilyqjrcqfdoxbrmi6kl4kbws65c7uw46gcmmx6baa
homepage.bandura.i2p,rrllz7nkoeaydqzc5tqdexbfpkvensi26nqg3ly3cxrm5qt6m5sq
hongkongfreepress.i2p,fwqewg2a5wh4lthere2nt55i6ocggdcxd5y2upaoj4pnhomsdpcq
hongkongwatch.i2p,3epkp3nf3fqa3ji25qb3i5azda4vuduaj5yrafa7afreuprgv74q
hotline.i2p,6cczi27iuxkm3aivazaemzltdqgh42ljzurqp43uclbz2lid2uqq
hp-net.bandura.i2p,z2ufexrgrxry37y4vs5hted35ygpleskfcs2enanl53hmlpzlqhq
hq.postman.i2p,7ewjvbcwgah57n64cwbsxqai7eutqofkesuxfsuhfheijivdjqra
htmlcolors.i2p,674zs7tghldg6kagvparow7xkkwa3gaizmug3hgwurekz6wpqtia
humanrightswatch.i2p,5vcuwr55spq6goh5yeggz7cp7saw6xx3akaq42vj5ckh7km2dmna
hungryewok.i2p,to3afquvmrmk4kvozisb562elb2hdka6hwk6oeud32m6h2qtkcqa
hutor.i2p,vouttzj22msx7lcpgybfhbqoignrawsgo2sg7g7ml5kyuugbbkza
hyenasmullet.i2p,hyeena2kkibwuro5zbzikd3tu4laqoojoewjhj4oy3ua6zl353da
hypestat.i2p,t6r6fsquaze4yo2mfmzyecbq5xe6y723lwdow2n55gd35cjrzrgq
i2p-javadocs.i2p,jdempa2rkdvdbw5mfxuccg6bdhbqjqlhx6a3pszkxzo7ktsz2v5a
i2p-mirror.bandura.i2p,aq7r54ebou47b533y5seiod7dc3aeycucevl2pqvphnjhjwblr6q
i2p-projekt.i2p,udhdrtrcetjm5sxzskjyr5ztpeszydbh4dpl3pl4utgqqw2v4jna
i2pbetacraft.i2p,efnkhmiba3xzauulywhf6tvacqjzdsz5gzejqb7hlbq4j7dz34pa
i2pcraft.i2p,pkhcrpvyickdaobvmmx2knjixl5a2ckrpavixvxexhurc3n7uemq
i2pd.i2p,4bpcp4fmvyr46vb4kqjvtxlst6puz4r3dld24umooiy5mesxzspa
i2peek-a-boo.i2p,qgv64klyy4tgk4ranaznet5sjgi7ccsrawtjx3j5tvekvvfl67aa
i2pforum.i2p,tmipbl5d7ctnz3cib4yd2yivlrssrtpmuuzyqdpqkelzmnqllhda
i2pgame.i2p,games5mshyjy6sz4xtci25kidfu343isjeybzrs3nbtxmwdom4ea
i2pgames.i2p,games5mshyjy6sz4xtci25kidfu343isjeybzrs3nbtxmwdom4ea
i2pgaming.i2p,games5mshyjy6sz4xtci25kidfu343isjeybzrs3nbtxmwdom4ea
i2pj.i2p,txivumr5xhvtqmlbje4rhdruwx2jtdbc6a43qdv2ie3fg4ri2yjq
i2pmetrics.i2p,v65p4czypwxrn35zlrfkar2w77vr42acd7gbszegsrqq4u7sip5a
i2pnews.i2p,tc73n4kivdroccekirco7rhgxdg5f3cjvbaapabupeyzrqwv5guq
i2pnews.simp.i2p,oabm57s5adi7lyjgu4qwj5f6bqgcg7os2iwdauzpjewsozp3mpkq
i2podisy.i2p,3c2jzypzjpxuq2ncr3wn3swn5d4isxlulqgccb6oq5f6zylcrvcq
i2pseed.bandura.i2p,2bpbnalf76ktxzhfekkwcklmo45xzedi5em5bdoyedrhw5bhvtia
i2pseed.solin.thetia.i2p,ljobz6bbaaafxfiteuzz7wl4hwjhr2brkf422ghxz3ob3yyzoyma
i2psurvey.i2p,pemwrlamhiiv74ok4kwoo4eqwzzjshp4q7ir3nlh4jfnt4zjncia
i2puzzle.i2p,i2puzzleein5tlktol6tbpbxv75uvddbrsnt27mnthtd7hy7gfsq
i2pwiki.bandura.i2p,isbf7tzeyrutnd5rvmjpqaohe7cz6onqgci2wvbuyfwc62w74r3q
iarchive.i2p,bh543wkmcia4a57bp7npzhrz5qhbcybovcd2nqplcbpg3ltd3uza
ibft.i2p,ds36spqcf7dnj46in5vfnbbwcbjpslo6aafkdrkc47a2oq3zvtta
icfteam.i2p,auvuinzogu6gc4pwsgbjijuszxgcjygciu2wy53pfz7mo5nfpc5a
identiguy.i2p,3mzmrus2oron5fxptw7hw2puho3bnqmw2hqy7nw64dsrrjwdilva
idk.i2p,b2o47zwxqjbn7jj37yqkmvbmci7kqubwgxu3umqid7cexmc7xudq
ilita.i2p,isxls447iuumsb35pq5r3di6xrxr2igugvshqwhi5hj5gvhwvqba
image-optimizer.i2p,4ypmsdfaft2zu7vhcd37a63l2ohcg7szdzyaenkdyoiawpj2wwmq
imageproxy.i2p,zfpeor5qj6r56hg3rquyo6zhe5cn2alfsx35cwuqe6wasdlw4rxq
imperium-mankind.i2p,yralx7wduapqb5vg652wfmlgwy4mqxndstay7jghmcg4xctalcvq
imperium-of-mankind.i2p,yralx7wduapqb5vg652wfmlgwy4mqxndstay7jghmcg4xctalcvq
incognet.i2p,dc5au74zy27twrqvdyhcgmwvh5nr5ct4k4wsv3pl7vrdzfrjafsq
index.crowsnest.i2p,wueloj6i5iava2rvd2p4v752v3ncrq5tb53qkxr2dblewyhz4nfq
infocon.i2p,ic7rentjh6ilzz6p5kveiuyzov534ksfcexmpeniyallzf5in67a
infomat.i2p,7zes3etljj46xqvolwr7vcnvf3ornkpwqgh5vbvy7z42wteurkfq
infoserver.i2p,jd3agbakybnhfvkeoxrx7t33iln6suzomv3kxkxf77j7rkonch6q
infox.i2p,qoz4bwrtnicqyxemrxubdc65uojrqn2iem6v55b6xmxzdmfzcvlq
inmymind.i2p,qj3wz6ykq2fclt6g6txamqelwb7nzh4jncrqdzg5wkpcd2pvy2ma
inr.i2p,joajgazyztfssty4w2on5oaqksz6tqoxbduy553y34mf4byv6gpq
intellectual.catsarch.i2p,ahysxi4w2wl7vf7ghy3hbqibvdg4e7je3s2lrsrb6xpukklevrka
interstellar.i2p,ln6wvu5jn7qxw7s6z5mthvlwwbodwd2vlswwgsvidb3x5pny74ia
intodns.i2p,4u6zxnqq4vxdtcxpogevmomrbny6taropyv4q25anflm47esiy6q
intr.i2p,6jaqgde66kdsqct4ptzdj2vd32kblnk5scgwoprtmcreqbhobuhq
intrstllr.i2p,ln6wvu5jn7qxw7s6z5mthvlwwbodwd2vlswwgsvidb3x5pny74ia
inv.vern.i2p,verni6dr4qxjgjumnvesxerh5rvhv6oy5ddeibaqy5d7tgbiiyfa
inv.zzls.i2p,zzlsbhhfvwg3oh36tcvx4r7n6jrw7zibvyvfxqlodcwn3mfrvzuq
invidious.qwik.i2p,pa7eextqat4wg35onzs4cnlhqa3gvzen243bcbrng67zyla4fqya
iranfreedom.i2p,tn4qkhzcyu4vpviqbx4ilpqykpvui3sudhca55a3x67pvxtl46za
irc-octonet.i2p,725ccnz3d7kdomxads6z5hcozbbuekfohfrbcpsssbttewf6lsga
irc.acetone.i2p,qyzbrdw26ejjdjzsrcmq5h3ggdzk6cq5xynrgee5t5q73gq545yq
irc.ckkpss.i2p,ckkpssingzjiaqtrfakkjybu2y4fxuo6chvraxg575lcrh3nvu4a
irc.coldhell.i2p,d4b3dcqt32yq55b6ct6f4rsib5svzgwkfz4klfczuz7e4p2v6rkq
irc.echelon.i2p,ez2czsvej5p3z5bquue5q3thujcodfze7ptybctqhnqc7hms5uzq
irc.i2p,355jdcopct34lpun3o6cfiymcmsoto3wic4ueu63wxwqlm2bpioa
irc.ilita.i2p,5xeoyfvtddmo5k3kxzv7b3d5risil6333ntqrr3yvx3yubz5tk3a
irc.intr.i2p,vtmrsijgdcfqmfn2dfcwhmottljlwayh7wmrr36p4uzwqwlofcaa
irc.killyourtv.i2p,wre4majmg2vnbi6id27et7yw6lnpf56wkbm6ftnlwpvxnktq73hq
irc.nerds.i2p,nlqhsdd5a7hanjea33mwizg5ixh3xcv5dczufpf3qcfpo6tx4esa
irc.postman.i2p,hhcy7zznltay2tzwdvtd37g2inptemz3hk5zmxyi57d3sxgxbseq
irc.r4sas.i2p,hodhusp73gltozgrnianlbploon3rrvhrzfn5mf2g46o7aaau5la
irc.simp.i2p,edg3okvdbjcsbeqrwsakn6jog4mw27i3ri4ychl7kdn3u4xhtf3a
ircs.nerds.i2p,w4d6hj3q7eyfrkb3kcy7rox2fdjzywypvmyrudtf2q4gdzs2qlhq
irisa-pool-xmr.i2p,5xbxkyyhhx5o2i5myko6bxb7a2cvedoogwnfrwjo4hglh6vwenzq
isitup.i2p,xk6ypey2az23vtdkitjxvanlshztmjs2ekd6sp77m4obszf6ocfq
iskopazi.i2p,scbcepjvrbmuownbwmcoaudgsbo47u6tgyuybnvv3stehwxdyi4q
itphx.i2p,zwu2erk3wtyxlcbmd73kmxcirjghdkk4lpupy3xcavpm3qbob4da
itrus.i2p,xb2msd3hla2ziblb4rpwq252wbcab3affvx4megrw32zhnwkzp5q
ivorytower.i2p,fpwrfvidfexsz7dspofkwtkmmizm7lyralfz5kvykffk7gubvxsq
iww.i2p,wxavl23dwyw727zpgcycq3wzumkgoll3p23smrptq5nvjgh45iya
izaro.i2p,kju3xrf33mfyr2tmrdc7xrnjvggukzgyh4zlf5dwuppehf3wkjzq
j6.i2p,heh6666m6vl4oj4kyirz3ghg2pnlycpiluvdms7pdxns6gbpolza
j8810kkw.i2p,srv5a5qvyvvgmbaeiuhvm3km3wgyrzqvrr7kqyttsfgr5d5o23ba
jacksonchen666.i2p,se74m63c22m37zteameiijr5ld3oqrke3pmrrx7xwmbli5thfy3a
jakob.i2p,mtgqjdrqqpovyhx7tortulrnvakbptsi3w5yintmo6lqapdd3hnq
japantoday.i2p,nekm2n7m3s7gdwr2grq2jycxuu5vjb4vu7yanh7a2tili2hszooa
javadoc.skank.i2p,us3amyq3emvm6rcxmrar3o3uoiifnafijgseho4dxdsjgonfyaxq
jbo.varikvalefor.i2p,3flbkdhahkgq47s7vytubh3v4vk3lyqgwwh6dd2k5szqlrivdmta
jerryhome.i2p,a7hwc5yka2cvgg6ggzogbukhmr2mzvjmtorljtv4bqwztc366lya
jf.vern.i2p,vernaaamyu2hcxaoscotjmivcqhqdn77bbftpbilmrbcxqt6f32a
jimkiebs.i2p,epqxjestvatyv2ala7iqbm45elnecqecz2zmpoklzvekwjapu45q
jme-250g6.i2p,dd7dg7puhajxo4r7hp7qwvklpnnri3giz26mgotul2wdkb7q7q3q
joshuatshaffer.i2p,suisdypw3dqjt5k2oymfifv6mqjt73zst4jfahh4olmgsk2mqkvq
jstordaily.i2p,krna3rnh3fwl4me4jm7vtxxy5n3v45u3cszekgboib6rihu6uhda
jupiter.i2p,w3xkdt4usbe6m3oeparoxeaqhaqwsdg4yng4m3gn6xh2lcick2zq
jurist.i2p,tqvtpdf7idieqjxwlnft27e3k4hjqpautm4im4dpbfw62j5yggoq
k1773r.i2p,zam7u6vslhemddz347uusuzjdk5wma4h5hcmcqlng4ybbpdbjhnq
kabaos.i2p,kabaos2ahhyhdk7rhlabxokgvp4xncilu2jk7m5au3hxlyo4vhnq
kalel.i2p,a5lhtmtdyy6i7b6hejjcsfs5p7nmrohvbu3j33xit3vpsfr6ez3q
karamba.i2p,g2lizyuyzms7m6gv24pzege5zapbinxfd2dzbaha6k246pl2xu3q
kay.i2p,faradayozmoqygwvwzoes525vxsqegje3i73oo4qfkfat2eqj7oq
keys2.agentoocat.i2p,irwtxxqsuthiqicyugzuxmrdc3rx5lpm3pjmxnruxmbdxntn7cqa
kislitsa.i2p,khceo3smaxtng2tnuicmcbhdnkk2j6myi4nkigcux76qh3aabdhq
kita.i2p,karktldom4wfapsc2357nomadgidulk42lbygodcop224ecoysgq
kkk.i2p,kukluxklanib666d73z5fyeyb6vnystmvvreaodhjf73rhl4wxva
klarheit.i2p,44f7pe6ipre57xzhoubkhqglyatlq4tl2tdyfr2uhpkxbuakvkuq
kn-homecorner.i2p,at6gyz2zmu4fj6lzt4rgjifri3gu2kpattpluphubsr6d7idimcq
knijka.i2p,knjkodsakcxihwk5w5new76hibywia5zqcgoqgjttzsausnd22oa
kochkin.i2p,f5fjqgseevvoe4qo6rm4qoqennoj766orxsuopyiyjueqfm77nca
kohlchan.i2p,kohlchanvn6vtsujobyw4pt5naaszmxqutd5hsdatmxfe2qaqhya
konisec.i2p,kxj6eexxumk7jrkv3snfwao2b7gwigzi7lknwxy3dpnydrld5o5q
kor.i2p,korafble2jftgvagce4v5zuxegsqprl3xqvpi373bhnjdzj62joa
kraken.i2p,krakenp4cz7n5rp3f2mnchoo5yhvkkw2x7nsagfe4kpzbpjrck5q
krebsonsecurity.i2p,xqglpgrpbdqeirurobtqel3xqt3p277iiadpz256bzxmtlbyq6ea
krypton.i2p,vqkfwbx5jz5dd6s4vf6ed4fq7rnvv5lj63drvf6js6whmaqw2c3q
kukuku.i2p,g6qsm7xrgvwoa3g36eqi226eoc3zlzhole7rfxso5p3q7qfoqy3q
kulervod.i2p,lemmythrunflevho5ox2fi4omlpjbvtr2hpokzx7ugimgqf5j4hq
kuukkanen.i2p,jarkkobwnxha4dysd4mbzb63abl7xy6fob2oalq4etp4pc6hrb3a
kycklingar.i2p,gctswdhp4447yibxfbqg3uq2bvx63qjeqnaoaux75zw73leakyva
l0ve.i2p,keq3zrxserbzdzhx5fw5gqdqygx7kp37kq75xknoswvfqwjf4s2q
lain.i2p,3sf5bms57g35rksdesm4tks5shx5otipuezfjbpjamal4zgz5xha
lambdaplusjs.i2p,l7jqnz3yfe2wtwietafoieadmgqbu7dcmzmey63ktbjtxal3he4a
landchad.i2p,erjknueqdrlf2kvinqxjmgyx2t23uh2qlugzp4jlmr5xojfek6ea
lantern.suffering.i2p,w62drknwnkfpjpyrbeouwhl6d46lok3smrz2yxko5iktxwwybgba
laptop.i2p,laptop6ppk5rwwhxoctb3qzasxhmt56booeeyrlzrfp2ftnoqrvq
lbry.vern.i2p,vernb4mvgeej5kawfg3tm337sbihdf4i6oy7w4trirgsnaq67zva
lbt.i2p,5uhjsgyca6ggdvwjjwf67bcmalpbxitopupjpygtahxvkwlh5mzq
ld.vern.i2p,vernz3ubrntql4wrgyrssd6u3qzi36zrhz2agbo6vibzbs5olk2q
ledechaine.i2p,7s4vtwkvxvmigj3r4zrc7s5ajdeqtris4qnj3n35cuuvuzkpgqsq
leftybooru.i2p,i6uwp7j6ceaqznrjifdi4szwas6pmkjdp6gshbqjkq7rm4jzxcda
leftychan.i2p,leftychmxz3wczbd4add4atspbqevzrtwf2sjobm3waqosy2dbua
leglasen.i2p,q6tqm2klaavlsfqjci2naul2nj57fbxvkwujmqdv53plhdxxi6mq
legwork.i2p,cuss2sgthm5wfipnnztrjdvtaczb22hnmr2ohnaqqqz3jf6ubf3a
leopold.i2p,leopoldoipmm7xqqu3bo2qcceia6rjuxeh3r47ty2ln53xlx2poa
letsdecentralize.i2p,mqtlargpv4247iylywxw6ibi6qpz6my5duqm33c4lcdhjg5yfh7q
librarian.i2p,libraryqm3jp3ocamwg3tvzuotjj55zg2gymkdmxs4rbo6vubfrq
libreddit.qwik.i2p,woo5ugmoomzbtaq6z46q4wgei5mqmc6jkafqfi5c37zni7xc4ymq
libremdb.catsarch.i2p,qjlgasoy3nxepgzntucmcnb6pryqxakwdu7sxvqzi7spdfootryq
libresolutionsnetwork.i2p,bilixn7urne4gb65o554565rl7tv4vzo6ss4w5x3pwc7pnlsnkza
librespeed.i2p,jkx74b5qnmkrinpjchys3wq5lga7g73fckrgpzth4fati2hiuzsq
librey.i2p,libreyqmoa2iuihoyyscolhaymrxxgdrmkgmiufnyaukwub2c7ya
limak.i2p,jzoxeuuqt6wo55pvt4uh7o5i47oyadrvhyjli4hidqldhihu6lna
lina-torovoltas.i2p,nnwfyfxw4xbsj3llyrmy4v75z5gqlhexyndfpwxufxzm5hedszxq
linafoxcoder.i2p,ja2jybdmz36arw3jrdp5awc6zqua5llefcxup2qabekcbfmd52iq
lisin.i2p,p66nw7blwmmtso2ag4bxw2bdpfgro4lehhdr7tvbeka5xl4jpsdq
lkml.i2p,xnytorawa5vfykram2qnqks5zaef7s4ckvaayvq4ksih46mq3luq
lm.i2p,yeyar743vuwmm6fpgf3x6bzmj7fxb5uxhuoxx4ea76wqssdi4f3q
lm.vern.i2p,vernyxzw3aktrg3v5qpkj4eyiwc4iucdw3czwesop6f466joq6wa
lmarket.i2p,5qbo54qi2qkxjeprqkb52okggtyecqtqgawszt2k3tg24zjkoera
lmdb.ngn.i2p,lmdbnnfdteqra62sgf3giv54vm5tlbao7a3yvh6eeomonhnxmnrq
lobster.i2p,iejvl5thfgmz6ycxqs5haegu6pbfw256av3chi6oy4hhfmibiz5q
lodge.i2p,jyjyltub7kfusniymuiyis7p2uccgrtrl4ww73zjkdmr433jxb5a
loli.i2p,loli5jkwjnc2o3gcouk2yqs2xqhe4dboxvqxmae7t2kzhpsbipma
lonewolf.i2p,lonewolfqe7kiy42xqvbipx3wzzrzyp4xgq64m62wdoys6xkwm2a
lr.vern.i2p,vernchoyi4qjf6sz5vi57sskoelw5lsf53u62i5uvktzpa6sxv3a
ltgc.i2p,3rniool2rdvhlhv6sipgc2khzdemd53b5bvhgzfd432eych7lg7a
lulu-cats.i2p,t2uelxrhuy7xn3ffcaiiwwmgzqidporkyzcv7lq77iwao7s6fr3q
lunach.i2p,rju7h4gwust4ptaiqhql7m7nvor45ez5675v7r3rza2egskkrmga
lx.vern.i2p,vernziqfqvweijfaacmwazohgpdo2bt2ib2jlupt2pwwu27bhgxq
m.intr.i2p,dtz2dsbkpm2j5x2unbd4nykqadaaulxxlzg6mnf5njhnhi255khq
madeinchina.i2p,3cqqitwm7rozi5belawapiere633d7cdlilgjx2jwhqtcqnzmc3a
maelstrom.i2p,wxs37jssybbfo6wwswkkgdigmpziuaeaq42bagarcyoknv3t4o3a
maid.i2p,maidzoneeehzlhw5nqsltiuxjepfdlhuct2g4av6bbs36i5ojosq
maidzone.i2p,maidzoneeehzlhw5nqsltiuxjepfdlhuct2g4av6bbs36i5ojosq
mail.i2p,mail4okikc3tknhn2tfyqzq7mxgzltqg2tw5v5frtzkcsm45zdra
mail.vern.i2p,vernczqka6xy7ounc2t72aqgctupgnha2qfr2r4qbf3ik2tcdmjq
major.acetone.i2p,majorivqe4wud5ksadgfycdkgqsesqbbnw4hpgcqfixy4sm77f4q
major.i2p,majorwsiehucyqfqbw3g2on3xqq2pwrwdd6hhyludqqr6ct7xdoa
makoto.i2p,ky3ylbptfgbpuew2i2kktynbjxo6vskaq5fm66vsznuqzoonq4ia
mangocat.i2p,o2zjrqqlhw6aofkaumoapsl6ujxsy2qsglzi6lxtg7yf6qdsg4xq
masflam.i2p,ucvzbekxpbzfizwndx4bgsj5bjbygdu4vc3xukiseiw5bvatxivq
mastodon.i2p,rnvkzp3mjld3mabsuxrvicsw7cax7pmne5qj7lbem6zb42shflca
mat.i2p,matcta5umrjruf3t5gzspk2fumdsftcdi3o75ka5hi6giwcrpzja
mathworld.i2p,cqu2vqkfkfkfk6spicgtrbf663dkayhzkrnn6ci62ab4w355t3jq
matrix.kanpai.i2p,kanpaiehzmk6l3igtj3mznvyt5stg6r6m4elklhaqlqfbxgmsida
matrix.varikvalefor.i2p,hepmlzewubrnidlbgjhgd2aaghiewps262tghwspnwchjmjz2ura
mayvaneday.i2p,zli2qsg54w7y42vgw4xxlnj4nktcpg7xp33yjxkp33sjafvznbwa
maza.i2p,wiigkmy5je5ox4byjt7z7fh4btojbixbmfv4chnzqoovmgnvdpoa
mc-gt.i2p,s36j2lihyp6kex4eoub6dnr2rx63e7d2ylrorhq7cmk4ef2zv3ma
mc.r4sas.i2p,qkpmajnvhilmwxzwd53vdigk6dagz6zdqynm6knsvs3yb35gglia
mcqueen.i2p,coczbtpeg6xyjmdsvnpiufay7ve3gvedmazu2cvcdossqrav4vua
mdleom.i2p,ggucqf2jmtfxcw7us5sts3x7u2qljseocfzlhzebfpihkyvhcqfa
mdn.i2p,u6i4kmhypgs4ccd4hae3rstcayvwl45wufeglwvcmha7jqqdtfna
med.ngn.i2p,medngv437i4i6kal4ecoa527f5tkgud5vzveph6j7jevaf7lijzq
med0ed.i2p,4rjfdbprkzy3n75xr4lyjyid34pl7rbk5i2nnzsmykbfe5woz4ra
medlineplus.i2p,dna2hvzzy3ujn3cp2oxighcrh7h4jlzsc4la7ekikaqs2p2h67uq
mega.i2p,mega555dyg5mlh7inelfqeoolujfowxudshgbop6a2wmtg4y3ldq
memes.i2p,7redh7wvwwqvz7m5agqgvqtwo6vd2ypxj5hn5ai3w4zf6e6ujy5a
mempool.solin.thetia.i2p,ega2kbe6wp6q5nqnufha23hohlhcxeqo45spwyx2hehqojqwzhba
meowstic.i2p,gijj4ombboikvqhwqtidhkuqvcdx4j7av67sejhpn35hzvtw2fra
metager.i2p,4zdcetlcp3tdg5h23gd3aeyzbvodepid7a6mb3w4qvxkdnm2by6q
meteolab.i2p,dwy5442mnzshgbtb5grzqqzcbh5u6ezes26uhqilvcqkytzamqla
miles.i2p,hcusgebhtim5pf6knlk4scphuhu5zdxghbjk5prmybwsqpdpko6a
mirror.vern.i2p,vernxqcyexg5qsmtel4fjs7f7o6uktrqwuhqc4dde4xf2l5v55aq
mises.i2p,x435a4rjqyxocs66rlievowknwjn77b34e6qkrwrykxig7k3wxoq
misutera.i2p,pavnp44k32ov55uwwlmq4vk7irjesnu2r2ofowq4rvbaeu7rcyba
mittwerk.i2p,mittw36j2d2yxyrcip6gs4egvenxte4wmg3w6b3negx2nih75bqq
mk16de.bandura.i2p,rrllz7nkoeaydqzc5tqdexbfpkvensi26nqg3ly3cxrm5qt6m5sq
mmgen-wallet.i2p,xi4leavi7voe336oosqzjai6s3qvc4g6uaxks72c3lqhnswngxcq
mojeek.i2p,zc347qqc4pvo7lf73rhuhthd3i3g2v5zgnsqdoklexx2bcau7rgq
mokoich.i2p,74krhulyhiwyupofkbv6kjafs52uepmzengqe24nvw733x35mxxq
monero-node-clay.i2p,wuoiz5h33dnf72jh6is4x5mgookp7valqqjvtyw6hymtkadmckjq
monero.acetone.i2p,moneropqhxs7jbsp3u7zqa7khb2gvfdr52g3fxnhk5samaxbh4na
monero.i2p,h7vq2pv7ugku2mk4brizl4trg4pjpe6vsfe5sjj3ndqgtrcq27ha
moneroexplorer.i2p,je4vbduigce7pgjivvo26d4abn3u5mfsos5zemp3a75xzcv7nm4q
monkemanx.i2p,mct2hu646tahpr7bmh3vxbbtitwrffhmkuyls5bynprigvav2xpq
mosfet.i2p,s5ynkgagndmpxpf2kmnenv4x72io664gzd2x3qef54ilammnte3q
motherfuckingwebsite.i2p,zhrcux2w2vkkpkufaone5utyd72qkbcg3tzc6kly3x4z7nacxhyq
motherjones.i2p,jfzxtbqixfcpefdvtvok35uhevh7dg6csj6h3tel3cik7d6raaba
movies.i2p,zqih3slwrwrxkfjawvyea5iff5go4ey5srfeg7qhqc2vml4qyp3a
mozdev.i2p,u6i4kmhypgs4ccd4hae3rstcayvwl45wufeglwvcmha7jqqdtfna
mtld.i2p,mtldark6qob4wm3vkjo327vdqmhkd6mm3yjugihaaaosxfxit5oq
mtproxy.ilita.i2p,vxxfipsygx6jpz57pmb3d3mjgsk5ls2idxeo2bffs3yp62muyq7q
mtrx.vern.i2p,verndnomc4cnte4aw7yrfpse33vrw2nlwoxozxmf77zqquk6ea7q
muc.vern.i2p,verncclcdsfjlskybpwms4smkjhqj524njp7ypmmnus5xkyiv53q
mulligansecurity.i2p,mullskdlh34cp26jm3h5ozp4gzw6m5b4q2yeo3npnutu3gvwpb5a
mumble.acetone.i2p,plpu63ftpi5wdr42ew7thndoyaclrjqmcmngu2az4tahfqtfjoxa
mumble.vern.i2p,vernlt2ydc2xvpy2vbcmgxfycekwkofkciwmp7oz2y6psneanlqa
music.simp.i2p,u327ny5s3a2qy2tgeiwr3yvfhoz3lhc7vw7em32zkfjo2um5bqxa
mynymbox.i2p,gmptwbv7xfhtie4znmvtwuotffctu7betme3lrxmha3xftbhvqvq
nadezhda-project.i2p,2moszuxtycjobg2uoieh2rkv4zulwpoh2vl6j2sejqxfdk7ze5va
nameless.i2p,7keilbadmchi6eux66zh5kk6hjs3x23x2xl5vxee3gvyz4fjmvwq
nate.i2p,g5lt4bvjhtyi6evknarf6srj2od2e6rcn3ld65qqnpnb6dpz5wyq
natter.i2p,l2aoqvwkq2prrv53cbk4k2ilxw5s2fc7eo2rjunnixp2hrv3iwda
nc.vern.i2p,vernzluj2od67vbf5drxxrhzekslgxnym7zc3mxgx7tfqndgedha
ncr-iran.i2p,cuupcrc4z25ivw54vq4c5wa6afxkvcviszfp6wxskz3a6sadp7cq
nekit.i2p,axis6zcqacv7le2ms5xqaerecuk3jyrijifrstvxl3or5g5n4ova
nekofiles.i2p,rutorktnoonk3t4sxmv6g5rj6mzsilfwxcplvfybemssjrva663q
nekopara.i2p,j4syfrchoeexjr76loeirvdodn2akrx5wxuetspylbj5cd3ed2na
nekoparadise.i2p,lp3a3333xax2itmro4kwvtxknwipdu4vwcaq6xzxmv4dqrcndgva
neodome.i2p,5hkhjehj3ct2pvcah7dcylwef2oti3xij5myxbv3pd7rocio5vkq
nerds.i2p,5wpwlbka4wj74rrnwbieopppgtivbqxljznl3bs542mxtvjz7ffq
nerdsfornerds.catsarch.i2p,j7eve6ztuhcnntsonv6xcmhgwdhlw5py6iuurbtjilluu3l7h2ia
netbsd.i2p,jjz5ajknu5rku4p6xb6i5xwjnp3nd6c3jwi2qnzbpaodyf7g2lja
nethack.idk.i2p,zcojbufszefu5bfht5cem3zlhfvv5y3jzpzbaccu3ehje4d7pb2a
netstalking.i2p,sxx6hlu6gercxl3yyde7wits36ipwpzhztbagxbxdv5c65oncg2q
newhumanist.i2p,rxu55pmke4zmmmuiek2kfoomtx36h5tggux66zdinabwwl7cl35a
newrepublic.i2p,pmjdbcyyfakr7gpc7xek5mo5cfckqjcntfs4jbhf2vtpbzuyir6q
news.neodome.i2p,trhwcnygfkeqjj6g4xhmrdp4gsjqsye47lsxshbmwbten4ywt5oq
newscientist.i2p,iscnpw2krug2abhbhsba5lrl2fmcfmw3pt7zwajnbvimz2ahdeaq
newstatesman.i2p,gxesufhsf6vga2tyup3dr3viiwfsjvlak6lmd2hsmvcef4i3lj7a
newsxml.idk.i2p,dn3tvalnjz432qkqsvpfdqrwpqkw3ye4n4i2uyfr4jexvo3sp5ka
newvoiceukraine.i2p,o5budb4kwmfvkdbkyobqbkfkogoxqwgyu77mz6zxo4elrezqnt7q
nex.i2p,rdir7ttkd22qzrynsixhdst2jeg5wkkiqgtffcivsnbtt5yb25va
ngn.i2p,ngntfnlrev3fnfubeputcygr3mkbh4olaovdguay7gfvwhpkhumq
niceboat.i2p,niceboatwaoenplmvxpw5v2uh62xntwgvl3duaqsm6vd6lgxfizq
nihilblog.i2p,nihilvrsb7kkidol2uuj3wmjdfovhchcsiebhu256l2jxajhp7za
nitter.ngn.i2p,nittej7fjsjclbolbt5s4j45nuqcnc46bgwcoszq6cbd3imvbzxq
nitter.qwik.i2p,tm4rwkeysv3zz3q5yacyr4rlmca2c4etkdobfvuqzt6vsfsu4weq
nitter.skank.i2p,l2aoqvwkq2prrv53cbk4k2ilxw5s2fc7eo2rjunnixp2hrv3iwda
nl.i2p,hisa7wxrs2ld7bu6dey7mqlckqav4cxbl6faophfpgmsjilvynya
nnm-club.i2p,nnmclubk3kadocx6xp6seuerea4nvver33ciwlx5cnshh7tlz5va
norml.i2p,rbnyo7zao6rkibzqr5uqy2iloismxzpqlgcolhvlsutoai5okdnq
notbob.i2p,nytzrhrjjfsutowojvxi7hphesskpqqr65wpistz6wa7cpajhp7a
novayagazeta.i2p,3phcz33nlmw6743isr4w36u3u5v3romtbzdymhtluz6vpl47pafa
nsa.i2p,nsetvbclpomqxfcit4mghn6z7vdhnza6jdzczby4crnto32uykga
nt.vern.i2p,vernzdedoxuflrrxc4vbatbkpjh4k22ecgiqgimdiif62onhagva
nuclearchange.i2p,lxr7oe6puohaaxjthhnlhasb7oqpjs5iybd5a5uuzomz274fymsq
nullnyan.i2p,xkih5s3yp75pqdvwdqo3dq2vtkxg2ddnfawtdfchk6wmcthvdaoa
nvspc.i2p,anlncoi2fzbsadbujidqmtji7hshfw3nrkqvbgdleepbxx3d5xra
nya.i2p,gyt5ktdyt5mrjaqzb63jro77bvc5rifq3dxtktvxrqgml6qjl6ma
nytik.i2p,nytikgg5rxiyug37icpror5wh5m6ppi7iw5yccvpvsdl5nduj2ua
nyx.i2p,p3krk6wcauzaptjmpidkljg7o4a7igdctmlrd6ft4wa2dnkbl2jq
obmen.i2p,vodkv54jaetjw7q2t2iethc4cbi4gjdrmw2ovfmr43mcybt7ekxa
observations.i2p,qpwaz76k6a4kei7qqpjmvouo42v4v5lj3t65w2ociekbjfewqa6a
oc.vern.i2p,vernnpcugwla7wyimbdmphdr3kxccis2dtco3qh2lgqwvt6ephsa
ochko.i2p,ochkothkzrdgg4iwmpl3fvsf7soeu4bbbs3rfb5eck5d3mr6ggxq
octochan-archive.i2p,xg4lwdce6gje7lwit4trtukgzx5z3grjean3pjrlne3zgruc3iaq
octochan.i2p,k5ykjs4vczzsmiokqps4lvfi2voafjjv6lhqfbqeo5ndvl4fbxta
okko.i2p,q5yepqrtlrb6fspyxie3zuufzztwa33cbfahisgaudxzpxtptvua
ol.i2p,bnb46culzbssz6aipcjkuytanflz6dtndyhmlaxn3pfiv6zqrohq
oldmaglib.i2p,lccsirpbsjhcjqsmtn7rtdr77cbau346c5fpxioyo5g27coq2o4a
omitracker.i2p,a5ruhsktpdhfk5w46i6yf6oqovgdlyzty7ku6t5yrrpf4qedznjq
omyt.i2p,omytpmf4irvkiqmj77neibzwbtkxs3bcl6qmxkifbx2tc7e3c35q
onionket.i2p,zeb5wwaq4tfb35ltzwqwnn3w5xnzj47kwoxxi4iwx5rf63e7qova
openbsd.i2p,ahwlj76krc5do77pibighi2frqmfccpezyiqfmiernvivwomgvuq
opendemocracy.i2p,dyf4zfvrfejqjlbdvo43gam7rncmg25kbudmv2n6er6bjjlw7htq
openmonero.i2p,sex2vkgaeigmgk5dou4pw4uegokxnc3k3vksotlmyldmual5guyq
opentracker-actix.i2p,cbrjdqygiogbtn4w5ngducnc3l3ipkt7e2muisfnuea4zek4bmhq
opentracker.bt.i2p,ev5dpxvcmshi6mil7gaon3b2wbplwylzraxs4wtz7dd5lzdsc2dq
opentracker.dg2.i2p,w7tpbzncbcocrqtwwm3nezhnnsw4ozadvi2hmvzdhrqzfxfum7wa
opentracker.eeptorrent.i2p,bjnkpy2rpwwlyjgmxeolt2cnp7h4oe437mtd54hb3pve3gmjqp5a
opentracker.fattydove.i2p,svece3bxv4vqlt2zuut5ww4ztkwunfcnab55pmnjjb6zfei3noha
opentracker.r4sas.i2p,punzipidirfqspstvzpj6gb4tkuykqp6quurj6e23bgxcxhdoe7q
opentracker.simp.i2p,wc4sciqgkceddn6twerzkfod6p2npm733p7z3zwsjfzhc4yulita
opentracker.skank.i2p,by7luzwhx733fhc5ug2o75dcaunblq2ztlshzd7qvptaoa73nqua
openwebrx.i2p,kq5bgw6lrrbsgaqybjiw2n3jd6p5ylk7m6ulelmwjzfdaf2si2qa
opsecblog.i2p,blogoxeo66viwz2gcuq7ficxmhvcp2upadh6ae2c74einav42wvq
orkillme.i2p,z734ayzs5jr2pmcnwxpxebrfkaqu7snso4zx4wjefjilsbsmti4q
orrentfreak.i2p,g2rgkzgsbwz6nguzaan6nxglcbtcngdldagdryji7ophllfvhuiq
orthodoxy.i2p,2fcfhszjn2nfadmiikeaktb55booakhvzacfkqf6psop2hdunyoa
orwas.i2p,7osb7or2w3eraiwennca5ut7waztxzofp23slx4vd5olpokxegya
os3.i2p,7ugh7a46mrcnhe42k3nokjncbvwtv2fkpxlvd5c6odlfdb7puaqq
osfree.i2p,yf2xankbjprn7xs2pd67xix7idfqyxbbl2zul3dgwln2wwefqjsa
ots.suffering.i2p,ns6rq4ckzjtsxmhsh7sz3vd7z2wnwd44t7pufr5mwpnj4sazcxzq
outproxy.acetone.i2p,proxy4uwdijqxac2bvdx4fuhem6njmiwukuk2gelejv2nzxka2xq
outproxy.bandura.i2p,smaie7bxvpy53iiabfxkhmsjtqs7vzjcr5xxsysjbbobunwrav2q
outproxy.i2p,afyy3r5wcmrnggc2kssmaaqpiroqtq256jikd6bcui27x4nv3ufa
outproxy.purokishi.i2p,nieasaidj7wy5nammqf4f7zzcdafi4apygwn5qwscpn4pq34hqia
over100qton.i2p,4ib5wss6azh3wsdkn7f6r3sfh2jykwauoq34v4xetp3hkodqzydq
owl.i2p,xmrowl3ul32vpnvxpfrevgvi4sypxobwxde3tp2q76ndoyulc7oq
p2p-node.i2p,e7uvwnpkzbn5zdwr76ujlhym4lk5pfkqhvfwivt3mszx7l4lpj7q
pabloshell.i2p,vu62kuvrvgqdhehibvnxc7q7nbj6hwnssyoixb5beazlueo4jrka
pache.i2p,pacheelkagq6oviwpo3h6pb55kkk5sbpl2rbkect6jegdx5siyka
paltepuk.i2p,oytjumugnwsf4g72vemtamo72vfvgmp4lfsf6wmggcvba3qmcsta
papero.i2p,kaaawpm7jqvgc7pfqhlro4cf2ihuuhdorlw37axacejb4smgmybq
parky.i2p,3asah3624zolczqeucci4674ekpgtab3rsswxodhfcndcu6vfsda
parrhesia.i2p,spsjhluwoov4buhko35jitpbakoou6rbir5owgfsmdj56wfa463a
password.i2p,knmjkeabbhudejkikbzhhjqsb4r77o45vkdhve6d254quttfx3wa
paste-temp.i2p,y4hx6txbrevkticwlocy5nprdvnsckajwm22ggsuq7ywecptnprq
paste.idk.i2p,qvgktychvlbmqwnoqgz2siuna7f5w764wgkbqcwogipfjzf3ksva
paste.simp.i2p,eo32ciiche67gctfwo7h64wvmaulm4l7jv6v44wjrlcbfywaa4lq
pastethis.i2p,erkqiwnjl7vtysqd3wvddv6tfvnhswarqkbn4blhdlhfxn7cf2ha
patate.i2p,4fwv3hzrtkuwkowcvf2ykl72quig4piy7sizzfy4yf7wf7ck2cwa
patricianlibrary.i2p,76gfzgla5siur4wdx2m3i4vqbz2g3x5snzwk5qnxsylyaqgqpeia
pay2key.i2p,pay2keys7rgdzrhgzxyd7egpxc2pusdrkofmqfnwclts2rnjsrva
pb.vern.i2p,vernmeoccnhag24lturrfxjne2szacraslpbg3v4pmuv25gwb5oq
peertube.i2p,peerpzxfp7bwlg7z5gpiztoyzbhgsao33ocrbolj4hm3q2zd5y6q
pewresearch.i2p,rx4qgphwjowm6damdjsulutirzu7sbnpgqjpsrz5qeruvjcr6d4q
phayul.i2p,pw73c5fp6tdcm6qzfnirmskg6xjlytdijbstunq7v7x7itszfdxa
philosopedia.i2p,fy23h262hi3l2asqjfbh3q3lhnalcnio336r5cjdnzawfwzdzx3q
photosarchive.bentasker.i2p,w4lnfcg2chbkwigogba7q3o5pgtq2baip7z3z4afaj65axhyc5ca
phreeroma.i2p,44fu2fhq6q36re2xqnkuievdfsroi5xchgbowkqib6ekak3ynm6q
pinkone.ltgc.i2p,pinkone5r3ced2ljxtvu6lnu7tva7xlpu3a3hhinesachjkbmwya
pixelart.i2p,pixelartga52tsts3tkvrnhexzcbyos4feqep2syhflvdmux6imq
pixelchan.i2p,pixelchxbwamuawou4h5s43ojc5olr64k7h42uhgffjnukxrrdda
pizdabol.i2p,5vik2232yfwyltuwzq7ht2yocla46q76ioacin2bfofgy63hz6wa
planet.i2p,pztcztaklof7s4me2vgtdddzesnunvk55zke6oz5e77ci3qk64yq
planeta.i2p,mo4d3nbhdwz2sspoiunoaw7moiwiw7ttrdkyhhucnnzhse23lvqq
plato.i2p,xa63kqklf6jstqag5wc6ulerdj3oi7fwiqftgafvf2emwa4rmuoa
play-it.i2p,oxt7gdu663baue7lugdmgxqkmtrfdy2izluneqdrpv4pfslxjlta
pleroma.antebeot.i2p,raq53hlu7iivsd2cjfrae6ynxp5kjnwbkvz4owjw2sepldagtg5q
plugins.i2p,xowts5nmf5job77cqkngrwrmmud4suolt7tzqadmzhqhwew3whkq
podger.i2p,56pcmc4rxmtzs6ojvszpiqmh47et3m6amh7kfszp4wbvz2jbpnya
pomoyka.i2p,omt56v4jxa4hurbwk44vqbbcwn3eavuynyc24c25cy7grucjh24q
pop.postman.i2p,i7vd76psp3oyocljiqkoyz7fpr4fy2xq2asclf7qih6k57aj5xrq
porest.i2p,46l7beij4rerlbuj7xmcngarlkhlpgaztywrleiwagjuiipcebbq
portal.incognet.i2p,k2hz2k3lvogqw6iyoxsr4esuplbuufb2aelbar72tb35m4bka7dq
postit.i2p,u2s72o67iw26zmwbdsty4bmkoyrvhtpaqmtsyuuvwgg4w6b2xceq
pr0paganda.i2p,id44gqmbc3vnkoal2qhnkm6oxuq4gtz5ksxpixjx4o4lifpgea6a
privacy-handbuch.i2p,3cccw3cxxghkalgichofulid36ekwplv3stubvfot522mwxcnu5q
privacyguides.i2p,fvbkmooriuqgssrjvbxu7nrwms5zyhf34r3uuppoakwwsm7ysv6q
privatebin.i2p,e7qy5kc7ivqtnrbdn5ymx5nmbdedlrjkdchqmmkhud4ockrime5a
produnis.i2p,qd6ayfbr2jbp6fq75y47ry2jzpmfiivcjnviz56g3jron4o4vsca
profile.community.i2p,profilepr7knh4pwfuuxflk6lssposcxrsxxhyz6dg7g6e3mgihq
programthink.i2p,programygfltn24q6foacm5gbuo3z2geub2k2k366llx3bph4ula
project-future.i2p,ivqynpfwxzl746gxf376lxqvgktql2lqshzwnwjk2twut6xq7xta
project26.i2p,blg4qk3jg3rvqpkyoodumlx46ddkr6lgapj4upkgrn3e2tf26bkq
propaganda2.i2p,fdta2tcxzbwvzajg4aclmblw2b7uaelbp6it7npqtrj5dnabohyq
proxy1488.i2p,afyy3r5wcmrnggc2kssmaaqpiroqtq256jikd6bcui27x4nv3ufa
psv.i2p,pmzcuml2oi2ok2h5i6cepcyxxjrughzgliai6hzspdlyt2bucy7a
psy.i2p,s3elzoj3wo6v6wqu5ehd56vevpz2vrhhjc5m6mxoazicrl43y62q
psychonaut.i2p,laf5nvzn4wz7ndgtdysmhvebpyjo3fkth7i4z4c2kp7su3wi6e2a
publicpeer.i2p,k5zbtjx2b32nb5gbduguddsay67d73t326tv3xfmqvldnncl7y2q
puma.i2p,bsztzjfi6l3am23rp523cgr75suqsqfbueoq6dvvykvbtukt5ega
purokishi.i2p,ia55kcrvskaitnxegirubvderl4vhva6bwkiducbkma4scy2rhca
pvsur.i2p,pvsurxi2hz2n45kfrj5b3ny6ko4ipj2u2piftjen44npkpnbwh6q
qam.qwik.i2p,4mk7jpqmvxxubp7elapuoawccnvymayhfjsot3pubcjjlf4o5efq
qr.vern.i2p,vernnflenvsqccuanaun7yydnmturi4jkyxlyzhn6ultpje66c3q
qubes.i2p,ky4ltwjczjdywjiaq5elqw3um7bpwfgijjicjai3flup7er6asfa
queerchan.i2p,vhyzc73olk4pc3x75yc3huxxanc6b5axky7yyy5zmpxzpntley4q
quest.idk.i2p,k6stkvw3jr6of4j5g3pu34jowfpl4k4jiqih3yozhcvinkok56aa
quicillith.i2p,mn7tacfcuy5zoetg6p6eklpfawar7rdj6b543y2efh6xasiat6la
qwerty123.i2p,rio65xrzemkwtp2chnyxfhorccm2herburpy5egx4j2ck6ranl5q
qwik.i2p,yblgkllzgodhwvs2fm46y5c4623honpyswwnyja2evikn26nlkma
r4sas.i2p,2gafixvoztrndawkmhfxamci5lgd3urwnilxqmlo6ittu552cndq
radiclei2p.i2p,k65ujcuwhcj3mt45r55xluxcl7orahd5paqv6k6cc5whes2t5v4a
radio.arav.i2p,plkybcgxt4cdanot75cy3pbnqlbqcsrib2fmrpsnug4bqphqvfda
radio.i2p,r4diourtsel3qv7od5mgkpojagbzegsmunaoqyuyqg3jrkdsof4q
radio.idk.i2p,gqla6svl56uazumw2a56rzmvfmcr6fb57bm5kpbb6oibqi6o66gq
radio.nerds.i2p,tpbfxyluryodtfxdpwsfvw7fl35p5ezrjk3tlcv2atlmc4fl2ctq
radio.r4sas.i2p,cv72xsje5ihg6e24atitmhyk2cbml6eggi6b6fjfh2vgw62gdpla
radioliberty.i2p,libertyx5gywnmn4snrr2fborvugmthl2x5vf3rh43v3744kmpwa
raklet.i2p,j3vnnihngp3ti2trktoxlyblltjn6gxscbmasb5zun5pdndkxkoq
ramble.i2p,smv3cryi3n7d5ll7xpvlhstubi5yj4dadeltyrdwdr4onwd2jvvq
ransack.i2p,mqamk4cfykdvhw5kjez2gnvse56gmnqxn7vkvvbuor4k4j2lbbnq
rarbg-mirror.i2p,vohj4loc3lqevelesyhcuwxujcpf37l2vlhona3mr35rij3esspq
rc.vern.i2p,vernzzwbnjy6ro2zg5rxgo7eylkcyi6zuf4hhvsdbwvvxa3grsxq
realmlist.wotlk.i2p,xhbnuuwa4za2gdzkhoqqfi5heea53b5qoovshxtl6nljkuhlsuzq
rebel.i2p,tr6i27oqt4p7ehfn3xl57ixh5d6upylpglzrrrtwjfu5zsssaada
rebel1725.i2p,ddsvaxav54mkri7rimmkoylmqsoly3wiuoxkonkwik6ktj2oxvha
recipebook.bentasker.i2p,ajagzagm5uyc2oac32ycx42znnatejliqorbk3y66xt25guxnh2q
red.ngn.i2p,redngjlqefz2wmxn4fkr6fav52zr2ccciadowp2poz5xodf2vjua
reddy.i2p,au4yzdbjecilztvha6esgqper5mmtnpqxnyc2tlqky3h4jud2q5a
redjard.i2p,glaa42plfwuw4x7lfyjzavvu2x3kps76ogno5gbt6lhmlngjvspq
redlib.catsarch.i2p,yfpe4v2meqe5vusmbf7n7a4ncnstzmpiy4czolcisz4h3t7kgxna
redlib.wew.i2p,eb5k6fi4s3hmj5swfxutbbx2boxsh7k3bp2wnqhi4hdganz676sq
reg.i2p,shx5vqsw7usdaunyzr2qmes2fq37oumybpudrd4jjj4e4vk4uusa
remilia.i2p,wcei7ficdcdkjgckxtprxpmrlnux273oesmv3vftjfoigtmgiuzq
ren.maid.i2p,maidzonaef6ge75f5735fqq4kfumirzq7yt7uw4kzspodjjdx3mq
revuo-xmr.i2p,qve7i3ke5h2mbbyphd7agmh5awzcwulvrvghjvhndkagdbi4mkcq
rfa.i2p,k4d5izeohku5xus7ci4ph2lcsitxtco46etvqif5cf2tsc56kpwq
rg.vern.i2p,vernu3bfx2rvpuaccs5q27yncv6srdijkan6ixbkvyc2lsbrslxq
righttoprivacy.i2p,ytiphpuyffui7zduhi6m42zusrjzolgfuv5j7cuc22n2dfg3jaaq
rimgo.catsarch.i2p,wzfvt5txnmsfsbl24qjnm2enptnlghdsrfp3z5m2msfnok4h4juq
rimgo.i2p,rimgov7l2tqyrm5txrtvhtnfyrzkc5d7ipafofavchbnnyog4r3q
rimgo.zzls.i2p,zzls3ubaix5wjfar4hskwqnh3vvwvrzoxsvcx64on2aogcxrvhoq
riot.vern.i2p,vernltmkmwexhk77dlxmqlet3djveje7gcq7lwy3l5gkemxysy5q
ritsuchan.i2p,ritsuch3huwzg56jdzz7de3fy7c2amxqvgi7v7e4g4cakftwzvyq
robotica.i2p,cbxlkljfxllukku4gws5eduqmwdvwph7s3yp35uxr3veoigrgj7a
rock-radio.i2p,222eg5e4exnoddsmlrhhibigdn2u2gylggm75znethm4tlqbjxaa
rollingstone.i2p,y5edab4637s2zmqhxr2o7v4oc4p3pwg3vtkpwmqsutjiuunvfs5q
rss.vern.i2p,vern5vicrpk2n4knr3c2qfyu5g4cjiwiulqa4txrriske7vyv3ta
ruexploit.i2p,ofn5jhpmmno4zf46mfyjlsshvlxaof3fpfsqmc7hpudgzuputaxa
rus.azathabar.i2p,6gp6ykan6ovr7p6dln56msvmdk6nrtvzoypz5dbhkkt4bdnryjna
rutor.i2p,rutorktnoonk3t4sxmv6g5rj6mzsilfwxcplvfybemssjrva663q
rutracker-reseeder.i2p,5gg3bc4kojzg7pxfgsxwzuqqyeooyrzmiuwyso2duopathv7blwq
ryona.i2p,mzt45ux3budteuxz2b4xkwnphgspgljuwp3rxm3d2yr2sij6wopq
s-config.i2p,atlkfvuwwpgvnw24dkwyyxf5psrueozxb3i6zgebymjuquuquvqq
s01.ochko.i2p,ochkothkzrdgg4iwmpl3fvsf7soeu4bbbs3rfb5eck5d3mr6ggxq
sarchive.i2p,3uvie6s6kwck5jgxej7gg3eioh5pceiosqo5c5adt5ek337kjkba
savetibet.i2p,wmzruecftspzhnlzkkpofyq5ajsrss6tmcloijkzkmh2bijjqjaq
saveuighur.i2p,2lterjbhmdzvojvdkmjp5wfuhvle7smzvnlnjlep3xi72viy2mpq
sbsdew.i2p,d5syr4dqdpkwo4mmwjv4kmtlv3mbuyqoqpor25upabhi535ldlhq
sc.maid.i2p,maidzones5taqt3g2boaepkxdi6f2etznqbfebludsl4i2ydrcjq
sc.vern.i2p,vern3whzyfmjclq6snhlupma6nrmojghwp37tydfgqotj7sc6izq
scamdemia.i2p,fdkiv7o4kzaikwkw6hbn7iedidp25lv6eo7yeyeqxai3jz7mrvzq
schizoid.i2p,7qtmm6ugoio7sqsshexm2iizc2s2llsjj6sz76q6lgyigrz6ay3a
schneieronsecurity.i2p,wkm77nck2v2ajols6t47ktivdqp7tiv6yignlv555eo47ctnli6a
sciencedaily.i2p,hxvbh56wdcyu766aueocw4hkzi3ptvrutc7bkxohcfthd2ufzd5a
serien.i2p,3z5k3anbbk32thinvwcy4g5al7dmb75fagcm3zgh4rzrt3maphda
seven.i2p,anqf44jmf7kby2qcvcx7gug6nuyansdu4msdbnp5kojom27rrm7a
sh.i2p,shorter7sh2aol5lw5i6hrbs7aky2ltpgwv5nkexirkddj4lyiea
sh.vern.i2p,vernxrhodyp3ayvrx4aeqqzojfsyk33oqujdnrbyd2y6l44elolq
sha512sum.i2p,ivt5wiimhwpo56td6eodn2n3fduug3bglqvqewbk2jnyl4hcimea
shadowforums.i2p,dq65yxqpp6gcyo53y53eqouijhy7ameqxkcjthkr7wpfusqppxma
shadowwiki.i2p,63gxkfc4hlcbxrdoepw2i2hyxai5qkxmi636ag3y7sf5tq3imoya
sharefile.i2p,o7jgnp7bubzdn7mxfqmghn3lzsjtpgkbnpjjsn6ddevqbchz3rta
shkololo.i2p,2kszkfwlum7fwm3y6qlhhwakyjyukv6ckn6huu4mexymutahxomq
shoieq3.i2p,3fjk4nfk3mccch4hdreghnyijcvovsi3yucjz3qzj5sxngqk5j6q
short.i2p,hvmisdpsx72bpdllprgbfcek5eeuka37v6tmsg6joxdlozdkmsua
shreddit.i2p,l22fheylkzrn6hopzvw6fim7gyba7qxbjhjexyv7k7t74wfwdcxa
silenthouse.i2p,qludyphyup2zi4225oxv33qyamcxgfx44m7ohbjvvbqyp6poe4na
silosneeded.i2p,bt2b3d7r6xwbc3jgorraenpaztipxpm7pc3vlw2jfpaqa2ueuj2a
simp.i2p,5t4j24sczlgxugqqki2mohxfhoecncsdpsh6ab7du5zif2zod5la
simplified.i2p,dyioidlefvih6fqtslsjtfxuqrkdpy2u7sxunyx52mjbt6pbhkga
simplytranslate.i2p,mmiyv57bfhgc7p4pipk7jjqv5meuz5rjijoviquplvhxl3v7aoba
site.get-monero.i2p,uu457s7ace65mtmujvvqoea7zkxkahlwpm4teflq3jyn7p3z6jna
skank.i2p,qiii4iqrj3fwv4ucaji2oykcvsob75jviycv3ghw7dhzxg2kq53q
skylib.i2p,nsx7dncjjfuyyw6zjt5qh3vjo3fyfjwcxpvjkljlpwl2oj2i6m5q
skynet.i2p,5uoz3dbv7ac26cpqoc2ilahdgbhqzu4s7jzaxekqodf7cutzutra
skys.i2p,5ijnaushf27i5hhqn5al3ccviysgypr233n6uuctamgmfwuzkhwq
slashdot.i2p,7bkq3jzbvqirehxfo3gejnkfnktnhmxdxyuunauur5ucu5sn3xtq
slashgear.i2p,h3abq23rapeim2uobyy2c7mg7jspdaqroejrg4pkdtsnh2oycpna
slim-space.i2p,n3l5aakaxgmngfideptjnrucdze3c3hqcfdbrts7d4q736ly5bua
smtblog.i2p,aw2gcgl2tt5rgv7qzwjqmu6u7dkggh7izeyoqixm4lvaqtjytm2q
smtp.postman.i2p,3nrunsrgeo6grhx6y6vsx7vibm5vabtockdbys3sqdmj6vha7k5q
snapwonders.i2p,6ymp5jqysizmejdwaqiehcsgjoyb4s7sbgssquishk66drujomka
snex.i2p,khwsofo5gjzlh65zoujnt3foovdryal77hqruihrcafef7vb6g4q
snippets.bentasker.i2p,vgduvgxudaceslvwlvtda6b4csobvczygcqpklm3yeuke2zgvcaa
social.maid.i2p,maidzonsgyjex2cal7afqvobsreowo54vlugoig43mppzcuwowua
soko.i2p,wqmmiax24i7yqcvtln6o646i3sqoyus6wcpmcga63dg6wlq2juxa
solin.thetia.i2p,im4gplbgfknhgjxsgpuioogh2fachanltqryxsbxvaaibwmxrofq
sophie.i2p,xpf7k527gk5k2kopfv5ui4nsoo3qdb4awvsyviuo4mwjv6gkifwa
soprano.catsarch.i2p,eidq3irhlc235szbka6nn3odru3aovrxplhf4tggbz7ffam2jjiq
sourceress.i2p,v7atkq2b3v5lx7rhfkhtyknopdpm5g652mpujfvpcp7ywcur6uca
sovereign.i2p,dvwerrw5xo3fokolid44id5c26kengiqq7iaizk2k764cu76ovta
soylentnews.i2p,fip3i436jncp2vmpug5n6n3aceduh5zkhonxhe5pwvqd377oyana
soyuzii.i2p,dejkozx2dinq7edbv3fxh6ljg5b6opjdnqefdcba3rvcfyu2a3qa
spdcurl.i2p,rh4s3lbo4szij32beyyn2jhvgo3xghb7sfnxbvds6ew2lv53dgsa
speed-test.i2p,7lk5mgyi2knhqjjwjeiiuwlrn2rs2s577e7jh7z5rmbe2s6qkjpq
speedypostage.i2p,4jksqeqt2lsmzjonbig5nrb3fbcuja4mhumlv3ey7lgqs666zroa
spoika.i2p,u7uyxhgikc5ifj73oz6yedpy5pvtynbqo3n7rk5qyy5h5yhz4wbq
sportloto.i2p,sportloto4cqlq6uhzzvgsgd7rcsfu6mqtk7wp6zmzqwcpflbsdq
sprout.i2p,dykifwnnstvpnlykwelxzm5tjo24y2p6siav62vtnpvwu4wysrdq
srv.itrus.i2p,pto4uupyr4fiawtfqvvljmh6lkzjl5xg2pxdf2y6pftv36337sjq
st.vern.i2p,verntblehhel4dx6ntyxkj4mryvic3s3yptzxewzwnldq3esi4qq
stackwallet.i2p,iznb6nejvt4cxbs6k7a3p2kgmctparxlbn6ewwml23iqq2gob5ba
stats.i2p,kqypgjpjwrphnzebod5ev3ts2vtii6e5tntrg4rnfijqc7rypldq
status.incognet.i2p,il27aegxdyxd7j67ctjggvehovhcwd3a4tbigofwljkn5ornbjlq
status.simp.i2p,bikn5ooqyrhbk6nrb7wuqef6dosukvykojbfvvhlgzifludm5lsa
stormycloud.i2p,46f3kyl2cwd5tdalegvkaqjfnwbitzn5d2lq4o5kp6keoujdhlvq
straysoul.i2p,loihta5nf6edl27c6kl4mf5bikus7uhlhwe5cbhtawnktp4yzsla
streams.darkrealm.i2p,ud3gcmvysjch4lbjr2khmhqpf7r2x5if4q43xkqdptl4k7lc4muq
strec.i2p,xez3hkntwaae6iyos3poz4v3elhpmr2abkhsogulugdpu3wwdzcq
stupidhorses.i2p,csn24xxffu6b5twr36ofdhhm2yv6ooedf2jrck7kidwc7w4o4b6q
subvia.i2p,subviaq5qnhbip3u6xiuh3pabdckioqiwebel6iphprthpcc7iuq
suffering.i2p,jn75ixk2vr4avnzmozmgxkmhz2y5ihwaj6a2q5jibal7hmqxqska
supchina.i2p,47o3b4pe5gxyd25tlhtfbxbiu7pujtoih4t5u3raagvnyxzeqt2a
support.i2p,supportpwqa4cc7q43hb67tgd3dvntrwsy6725iufahm7kiluysq
support.torproject.i2p,6r7j6jlbrxb35k32zktopvr3w3pidm2baymwol33hq7xmy2sqm3a
sur.i2p,ckhf6dhvw64tpn4m4ktysmqqqgrkcsimc7ilcleoowsldfdudqfa
syndie-project.i2p,xa63tpfoaqt3zru2ehxjjfbpadwj4ha6qsdvtcqtyr3b7hmt4iaq
syndie.echelon.i2p,vwrl2qmcif722fdkn3ldxcgz76df5cq4qypbndzthxwgmykyewta
syndie.killyourtv.i2p,5et2skgswtpwfnw2ta6w2tmcsspgz6umaifqplmw5jbpd5mr53oa
synsci.i2p,lfmyvoso5mqdgzr2ef7yrurggrpmkser2loglr2shsvcialbschq
sysrq.i2p,2utfaqw6lm6vax7xwhyj53u3uzmtdvmhvoc6druy5e3ue2by4ayq
t-ru.i2p,bkhuehxydyprxpd4372h4boyluardjogyuff5p5l3u7syguavz5a
tahoeserve.i2p,yhs7tsjeznxdenmdho5gjmk755wtredfzipb5t272oi5otipfkoa
tails.i2p,5d7sl23h4uer4czjdtlomkb6ykeiss6vqkxzausp6f6gmty2plaa
taipeitimes.i2p,dw77dxrzhfwbp7ktkeutjcc2dfygg55smqvyo5a4efkml4jekw3q
takipsizad.i2p,ufkhvmacngokfufxinfkdvfmbpvwvog5vrjiavw5zv32jnekcxia
tama-chan.i2p,aaaolbtui73bch4eb33lbczdbdnhqz3dadaknzvc6bivfxnsjvxa
td.vern.i2p,verncco2oaxjikammz4pi7umzp673cme6zuemx7yeeewspwrw3va
techmeme.i2p,pvwyqrf4pbxbsigcxpubvywvng52hjxzc5mook3pel2c4rv64mpa
techxplore.i2p,cywzf65ws6k6nd6rr5dwmbuwg7bcf6wx3ukub62g2nhannsjoskq
teddit.i2p,k62ptris7p72aborr4zoanee7xai6wguucveptwgxs5vbgt7qzpq
terminus.i2p,7ahtbmeelrtji6zurtb7eize5xldy4hwrcsiluupnpiq7wdkqcvq
testmk16de.bandura.i2p,gbdgvcv6wkwctls3tdx4ljmzo4zry3awrr37rkvrxcwg7jzjoyra
texchan.i2p,3ltsdikanxrdenpjitjt4hndmq77c2l2pxz2qrwurycprlwuaoiq
theatlantic.i2p,53it264vtb6uiz6i7zimbrlohavtypihwc6nqbdymvknn4u4lurq
thecanaryinthecage.i2p,yoz3goxqze6mosso6mdy47qyzwwff4v2b6wtf6i2qdkhbo7np6gq
theconversation.i2p,xuld7i6nwl3k4lo3gvzbv5f64ekhswtzpik5r2xbahcnrnehp4ca
thedump.i2p,txakzi32rj47eaeilcr5tcfqaj2tffyy7u3uucfxci3n4l5ripna
theguardian.i2p,o4omprj72qf27nu6glfh7qhknysldjmmgmer7hzuvs7rr4otm6cq
themarkup.i2p,rdsar4jopzwrvhnrz6uzib4mx37zx26ympxrb3bfa2xsavwz5d2q
themoscowtimes.i2p,xilbqdxdmsrjlyotafbwqzp3q66vysdno2f7uzwaznnmurinz5xq
thenationalfreepress.i2p,ejlnaq2a7wvmskhfhgg4zw5otf6wjnqijrrl5m4doop7yimpwqkq
thetia.i2p,ejzpzupf4mns65aoricgjpb4et4witewfj3h2titx4zco6io3o3q
thetibetpost.i2p,cgdlwed67zrlmq2er7v4hmr5wa53htzgfgmkcyderz526sdb6wjq
thornworld.i2p,vinz4ygmodxarocntyjlfwk2wjpvzndlf4hxss2w2t3fk52oplva
threatpost.i2p,kokflo7ovzxujqinafmxibhk6ytvlmxmuvha3doaqhjkgt3fpe3a
thricegreat.i2p,ecawp7rwcor5seqnpdtx45o3vrsxpeiuhri7ppqa2w6eh7qxjepa
tibet.i2p,cjzcrcykfztxwhseuzcjpwsqgbfrucz475kswcfsspuoqimdofvq
tibettimes.i2p,2f544ceydfgk5i6bfi3kql56pojmt63m24u4po4avpxxye74d4pq
tl.maid.i2p,maidzon7k7kcj3llzzho4v4gsvjuzud56iphmalpck3pkj6jps5a
tl.vern.i2p,verna7avzgd4qqal7k2onjzwxcceqby2gwvya2a2frdswb7z2k4q
tmpsend.i2p,r2al7m32cg2ypjcny627wkoiyanrasmorub2wqla3y6gn6rwzzvq
tn.maid.i2p,maidzong64yczoqm5wlg2hiodip6ktpldcfdvoxanqaxmonyim4q
tokiepiku.i2p,3abdxq6z23zptkw2jx3ndytb5wd7votu2qbt6jllz4t5msvkce2a
top-secret-anon-irc.i2p,u35w6btkcy52xebyknleza5zc3hjhamiuecddcnuk2x4wchgujvq
torch.i2p,vdpmmcq4ysca5rdczr5lqohjtaf5togdy5itoos54s6nn6xqox3a
torproject.i2p,torprojaxvxevo4c5qvor3ywgasxkubs5ukazrpq3qcxed6lgbrq
torrentfreak.i2p,g2rgkzgsbwz6nguzaan6nxglcbtcngdldagdryji7ophllfvhuiq
tosios.idk.i2p,4mfy2ggcynt5xjkrdstwju2cqicayq7tg5bcb6o575wvab2div7a
toster-cloud.i2p,5jtyonwitq3ksttwx6qe2d6ya2ejb3o3e3sgnlecqld7we5vch2a
tracker.eeptorrent.i2p,wtjjwrrhcoyryclhlikhcvhb65qzya5syjt53sm34uuuuyheuhvq
tracker2.postman.i2p,6a4kxkg5wp33p25qqhgwl6sj4yh4xuf5b3p3qldwgclebchm3eea
translate.i2p,2db77uyqbrsnikwdthtoyrhai53oqw3x4gmakefu33zshm35pzpa
translate.idk.i2p,g2l2zr4moqsk2bec346i5tfd2o22cozm5b2k4ifdhbcayazoz2ea
treasurechest.i2p,oi45tmbel5syg4uet4t2fg6ipfu22ewfb4dfgpeckarn3qtv3pwq
treebird.clubcyberia.i2p,jvqssry3kcztl4wq6sfcy5xubi3runqx7ttbqxq2nsn564l2trvq
tren.ngn.i2p,trenn32eb2dg7dcv6i44qiwudpied3f2qqox2dpmgek5lwswv57a
trocador.i2p,lpn5pb34rpsee3ycqtjf3vzngpibxsvzx4a3kdc3rmavgpbpclvq
tumbach.i2p,u6pciacxnpbsq7nwc3tgutywochfd6aysgayijr7jxzoysgxklvq
tunnelwizard.acetone.i2p,tun7gldhhpy75fzqafhgku34kkwnplxw6v7dit6iwpnvwce2gweq
turn-light-off.i2p,3mwqzxkldp4g6l5mnmpmowv7u5unk6kpfgq6dqycnuopkaklaagq
tutorials.i2p,zy37tq6ynucp3ufoyeegswqjaeofmj57cpm5ecd7nbanh2h6f2ja
tuvimen.i2p,u2l6y27dcdkpft5qkyetypihp4otsjcaoodfr6fjkelinm2c2mma
uckduckgo.i2p,gqt2klvr6r2hpdfxzt4bn2awwehsnc7l5w22fj3enbauxkhnzcoq
udonya.i2p,xx6ojsbjzosszqzdxfuopkib6aslzjd6jhcde36qvvm7hzqbddyq
uhrp.i2p,ntezp4uycujsbs2cdpwwj2f7jfkysw5ucu25llb4c47aafeudgtq
ukrainews.i2p,2bocbwrmakg252kicblp5i42feao7qpcw3xppms2i5oevkgelpsa
ulmo.i2p,ulmozog477fyqoycvdrqz7qq5wjzmplsuwbzlu3gmusivdjxrn5q
umbra.i2p,xunb4chkeo5xxpfkwrkaqb5etmqpp4ddgvcmy7qkvtxhk5ihck2q
umbrella-labs.i2p,h2lohj6jjqbow2k7fautjbig2g7nqos5pjy47rujcss74dbjbimq
uncensored.i2p,b3eoqeyanwo4q65rx35icigxkx7bdrr3lfm4dkebb56smnn735qa
unfunny.catsarch.i2p,jwrpyhndjmyndm6k4ukfpejj2r5zformr3jj4bcma3vllqim4iqq
unixeno.i2p,ss3stcrlmu7epacm6pipady4yp5ktr7upktvjftd6xkb6xdk2g6a
untitlednovel.i2p,edmvtwn32td45sjgbw4phsvmm35bhdn67izixhzf3af3hwnp2n6a
upload.arav.i2p,a5txjx3gjrnw6do4zr66wpwlayxt3dg7kb43wbr3fjp53mkfkbdq
upload.nekoparadise.i2p,lp3a3333xax2itmro4kwvtxknwipdu4vwcaq6xzxmv4dqrcndgva
upstreamjournal.i2p,eukixnozduj2bhgioyhsrd45yotxzmfdjoojqoygxidx4gkc7seq
vanity-eth.i2p,6djvwwd3mtozyqhpuyvcwqkje5fk3rbxqbgqgdlr32b6hvdqeq5a
varchive.i2p,we6bjsq3d7kt54iyfazndosadnw4hk2oin42dtt23uiuomlth6tq
varikvalefor.i2p,yn7ovvjf4nhf7hhk6qqph7utcoce4f2j325rfeuyapw3emlqfqna
vel.i2p,mgyrbyoxdlgzbzbqkbxyb6c2seaygrtgcrhlsgl2wezww2zs4opa
velpaste.i2p,dowc2co6pcfjdd2zi4je7cpqyit3x7nf7e7yd3ladujzcqtz3biq
vern.i2p,verncceu2kgz54wi7r5jatgmx2mqtsh3knxhiy4m5shescuqtqfa
video.j8810kkw.i2p,sxrbw6nfw7qhmnx5qqzuyifsa42ku2x5hwtwppvnsvear6lawxkq
village.i2p,villageo3hnbeuwfvx4hvnhy6t33z66xba6uo33ksdybe4cdzwsq
vit.i2p,yku4odsu37ypm7rcyn5kby5w4pyqeg6y7lyzu2n6eizrctwo77ia
voice.i2p,voice5t7aoggmmpiqpocnvz3y4lbaimtgq4mfzeuf7mg2vwwhf5a
vpngate.i2p,4r2oucjjrgj2m6pok7yrmt4lmtf4kxix2a72cq4btzmfqxi7553a
vuldb.i2p,lalzfapi6muoqs33mlcfx3vj4wlxn2yer45utfdbd4sbsfi6dbaa
vx-staging.neonw.i2p,eizu43jd6f3uksz477nez4l2h7v3atfiqowyot7v6ivxghv2e2ya
vx.maid.i2p,maidzoneoes7jtcridydescxwadf3cjzd6j5qll6bfs3wbkm2upq
vx.neonw.i2p,pgk3uwr2sui7qob6aso2b5i7ubmdyf6btk2kjmyr754nh2yggdaq
w3schools.i2p,kmf6zikzfttexa3pxeumdqt73gmzb5ybkpk4hxstuzpbup22yqna
walker.i2p,5vik2232yfwyltuwzq7ht2yocla46q76ioacin2bfofgy63hz6wa
wall.i2p,c3xtt7izde6uh4ajqxg4rfjyypqyaip5yqmqfm4nf2dzj5324pda
warped.i2p,m5gdbspmll7eryujcszek5dn2zx6rxalfivamuinhyhgtapdp7ca
washingtoninstitute.i2p,muwfmgnlgahcmuxewaycbftxlsvqak6jjve33krbmg7hlxi75coa
webirc.coldhell.i2p,k2d6bius63w3g35j32dn66fssqwbnyvegx6w6pl5mdeojpp4rjba
webirc.simp.i2p,e5jwm7kx64s2kiypu2q7mt3rmzddauiztfc3uctr5yzkfirwzslq
weblolies.i2p,qrox7hth5ggyvdkukyhpiu6u6hqcmbxif5jinmduyluw3wq3rljq
website.i2p,u74oixqy3nxcdap4krfphch6lflea27vqns3k6wjdlqar6jq7sda
weepee.i2p,weepeeukgiyttpo4v5cytmbguo6idhhk75zzyz25pkm4cg3t3wia
weko.i2p,weko5axss5qx7ttvxed4zv2644jjjmrwxe6ovpgw42uus3m7zuaq
wew.i2p,ai4ucrwptntnjbtxwskh6kp2ai3j4z464mkyelcfcx6ewfqa2taq
whatsmyb32.i2p,ff7od5qhtzxaqgeped2bstsmwbvectntsecywiggqu26zjaopl2q
whitecontrolchat.i2p,22d4iq6boiafqnzlugm4y2s7hafa7wbitr2p6cy6wjjdiaamy5fq
whoam.i2p,whoami67rtsd25yvdm7lq5a3fkftllr35aj2lq6mxnlfcnpt6lta
whoami.i2p,whoami6bedhqvdq5m4qmxkhjy3mmt7k274klllgenfyc6asj4rwa
whoareyou.i2p,s46ktsdhgnqldu7f7td7y5aslj6res2dhawl6pedlefth4vuit5q
whoer.i2p,whoerctzbg7vcynbyfsgvadpda2ahwppsh2r3r24vi4pz5r3pooa
whonix.i2p,rabhsi3gmsr36rvisobdmm6jmkq6g7ampsofqyzyh72xq62xx46q
whoogle.vern.i2p,verneks7rfjptpz5fpii7n7nrxilsidi2qxepeuuf66c3tsf4nhq
wiki.hutor.i2p,vouttzj22msx7lcpgybfhbqoignrawsgo2sg7g7ml5kyuugbbkza
wiki.i2p,w5b5belfmxdauf6ofvqt3jaiecyzvmsj7luhrztrqsywacsrr5sq
wiki.i2p-projekt.i2p,b2rpg7xtzwwfvtorfkrc3m7h222qbobnklra7g4oqhfjx64k2voa
wiki.ilita.i2p,r233yskmowqe4od4he4b37wydr5fqzvj3z77v5fdei2etp2kg34a
wiki.vern.i2p,vernknid6kpyzaghegtnypzxe2nx643zrfc4jivh2tlna5m5jvcq
wikiless.i2p,x33lx4h6d7h6xs4eiqwhvaxn3ea5gn2ifmu3jobnvuvn4k4aej7a
wir-in-nepal.i2p,ec5dgerk4bnbc4df7h7v353vk2xeroeoibxn777cvoxljd2pwfnq
wired.i2p,6ezm53j3so5rywhhaxup7bw2oryy3qp5nyeb5qc6k3duluiddxqq
wizardcasa.i2p,f2jt7wfkyau3elazq7komfqiyydq7zvwjixsalsr5uy5pltc5dqa
wl.vern.i2p,vernesciy2defjsputrjrv6pa5ll6qzrckfffi5lgkumstdojyga
wlm.i2p,nigg3rveztrkpzoimq4z46pvbtml27mfhadt7n5bvl3pzzyzefxa
wlmn.i2p,blm664y6wdszb6r2wwezsazge2iiug5cerrbcq5rygiq3pk4o77a
woodwose.i2p,woodwosyvzzsxhdsj7xvakz4jjvvoun3muxhlyqmzzzftihj4mcq
wopen.i2p,xvedtnzz3kpwpir23zyr3exrhkrn3267harw7gcjvp25yceyokza
wordnik.i2p,rasz7w6phk4z5ydwlsdmqkfn5ixnmtyy7vhdpesklp3eln4xnywa
world.i2p,gkrzu55v7yefg4prbimydtg5zprvhwsxtb4d6mtlkd3vcrxokvna
world.wotlk.i2p,vs44pwrfh5ut6ozqfu3ubn7eyr7sgglqfeobb3hymlfwh5m6jmaq
worldatlas.i2p,mmiqsq42thxzdoubnbjwgbyb7ejtncvlrmdgcvvxn6cbh6hrkxqq
wotlk.i2p,ohrnsnzc6rjved3ms7gzjwghs7mqu7xd4jgworqqkdzz7f3q6t4a
www.infoserver.i2p,fq7xhxkdcauhwn4loufcadiiy24zbei25elnup33a3gfrdzrtlyq
www.syndie.i2p,vojgy5ep4wffmtpjmpnbpa4gq64bgn4yicuw6qmhbm6nqa2ysrva
x.i2p,6ncayo5tpz5hfmgmjtseol7ijw4bgdvopc2eols6uuplaseprrtq
xeha.i2p,oartgetziabrdemxctowp7bbeggc7ktmj7tr4qgk5y5jcz4prbtq
xmpp.intr.i2p,xtll3krlo35plvyogzlyntjybnmdk42dsrgfcjzo4ftb3cjits2a
xmpp.jerryhome.i2p,vaku44efbz4ee2fhf4rmeasukwwhs4sz62wzsfphprwopggihtta
xmpp.vern.i2p,vernd6f2dxbwfwp4fbkrdz75k2h2wyudmvwrqkrgkawjjrm72z3a
xmppchat.i2p,xe7kpnpmpqw6ihh66sqw3ispxo76c3i6xx5zw4npiji4hrlddcqq
xmr-node.i2p,xmrnode46p6z6wahemniu5jcsjcbkwax5oihmzutvzya5y2izu3a
xmr.cs.i2p,s2lacpngexspx3euphwmzmubmkfjy73wgjlhzpbxj6f55ulgls5q
xmr.i2p,xmridentac65oy6r4moqz5anraflgbebgxbliit7pzvyrdppkawa
xmr.stormycloud.i2p,5dmhmmaff5mqkgmz4haq5w2wrgobhelrat7lvbt27okojkzbx6hq
xmrftw.i2p,us4alygarbczjwnfwahjzhsxyp6x3id7kdw2vwzistma5kpireta
xmrid.i2p,xmridentac65oy6r4moqz5anraflgbebgxbliit7pzvyrdppkawa
xmrnode.i2p,moneroti7lckp4hjrqckoq5cfi2apuyxia42sp5x7tkbzjfwqfiq
xn--80ahmijpip2p.i2p,assist2a3jsikp7ufmzpa56mlflhi5kmoack5dm6ua5x2hbgckua
xn--z31o.i2p,zzzzzzzzyxf7mblkwl4tbnuvbtnkhyhfcqhguyqlv5p5z4i77lnq
xsden.i2p,4dofwhzlkz3k3sedwzs2sx2fudq3jfvaygffc6kp6hsawmfmz6qa
xx.i2p,a7hrmb4kbftyk4ovr2la6azi7vjfqwt2zlckos4svoaclqu52j6a
xyst.i2p,4qj24zd5dvkynxgrgiivep4qn3xt3fajhazvlobocvapitjf7igq
y.i2p,zz323rwo3iwwheqtw7pcpobclcrwr6oadfxloqso3pw5j76kvghq
yacy.idk.i2p,7ccyylqqxnyexz2acn3nqjdlwqmd5pororbovrarar2dkw3ddrbq
yeti.i2p,yeruidgyazzj6ug5fixb32ti4j6mwcxsispbu2aaymkhnnpvcupa
yggdrasil.acetone.i2p,tlfhgwzn4v5nlm2or5uy4leqmjbl5bncgcopbqnmcr4hbk3zrvqq
yggdrasil.i2p,7hhvvtephitji3ibz4vhbapj4rikoppd5324yttp6k35gkqgri3q
yonle.i2p,7u5j5irk3xf5bplxhwdvkbanjwz3c5vl7xfyvv5f6vkbnguxhonq
yourdomain.i2p,witqoik7gjzywta5nss5m6dvialeciismabksrukcvpfdpe6aqha
youtube.i2p,youtube5vvcogudgygsxwj7ofoeinftaznnrks3gft6tzgl3t6wa
z728.i2p,n7kp4ngrdflkxh5ju7hd4cdpqv3mt3pm2ubnhwnyv52bd645drlq
zdnet.i2p,3pq6r4ws4axybqbcr6vkqx7g5bxkc4twsjr6glsoii57nnutr2gq
zer0bitz.i2p,kphksj2dhepynfkxx6pfpqvrqwh3wmy66nefjhf3xmfk2p4iorba
zeronet.i2p,fe6pk5sibhkr64veqxkfochdfptehyxrrbs3edwjs5ckjbjn4bna
znc.vern.i2p,vernd722rkd3v2o5ppu3aphmfhdthmillq5patn4fa7qvk5ngiaq
zzz.i2p,lhbd7ojcaiofbfku7ixh47qj537g572zmhdc4oilvugzxdpdghua
zzzmirror.i2p,pr3t6cjlcth36djl3qgnfaollcvcs2kbzigzon6derjzjghttp4q
zzzzzzzzzzzzzzzzzzzzzzzzzzzzzzzzzzzzzzzzzzzzzzzzzzzzzzzzzzzzzzz.i2p,zzzzzzzzyxf7mblkwl4tbnuvbtnkhyhfcqhguyqlv5p5z4i77lnq
